{
    "Watch Mibro C2 (Global)": {
        "price": "813750",
        "id": 15814,
        "permalink": "https://alidombe.com/product/watch-mibro-c2-global/",
        "site": "aasood.com"
    },
    "Watch Mibro GS": {
        "price": "2214450",
        "id": 15815,
        "permalink": "https://alidombe.com/product/watch-mibro-gs/",
        "site": "aasood.com"
    },
    "Watch Mibro X1": {
        "price": "1432200",
        "id": 15816,
        "permalink": "https://alidombe.com/product/watch-mibro-x1/",
        "site": "aasood.com"
    }
}