{
    "Mobile Nokia 105 (2019) (4M 4M 2G) TA": {
        "price": "838950",
        "id": 15849,
        "permalink": "https://alidombe.com/product/mobile-nokia-105-2019-4m-4m-2g-ta/",
        "site": "aasood.com"
    },
    "Mobile Nokia 105 (2022) (4MB 4MB 2G) FA": {
        "price": "838950",
        "id": 15850,
        "permalink": "https://alidombe.com/product/mobile-nokia-105-2022-4mb-4mb-2g-fa/",
        "site": "aasood.com"
    },
    "Mobile Nokia 110 (2019) (4MB 4MB 2G) TA": {
        "price": "1111950",
        "id": 15851,
        "permalink": "https://alidombe.com/product/mobile-nokia-110-2019-4mb-4mb-2g-ta/",
        "site": "aasood.com"
    },
    "Mobile Nokia 110 (2022) (4MB 32MB 2G) FA": {
        "price": "1006950",
        "id": 15852,
        "permalink": "https://alidombe.com/product/mobile-nokia-110-2022-4mb-32mb-2g-fa/",
        "site": "aasood.com"
    },
    "Mobile Nokia 125 (2020) (4MB 4MB 2G) TA": {
        "price": "1173900",
        "id": 15853,
        "permalink": "https://alidombe.com/product/mobile-nokia-125-2020-4mb-4mb-2g-ta/",
        "site": "aasood.com"
    },
    "Mobile Nokia 130 (2017) (4MB 8MB 2G) FA": {
        "price": "1153950",
        "id": 15854,
        "permalink": "https://alidombe.com/product/mobile-nokia-130-2017-4mb-8mb-2g-fa/",
        "site": "aasood.com"
    },
    "Mobile Nokia 150 (2020) (4MB 4MB 2G) FA": {
        "price": "1626450",
        "id": 15855,
        "permalink": "https://alidombe.com/product/mobile-nokia-150-2020-4mb-4mb-2g-fa/",
        "site": "aasood.com"
    },
    "Mobile Nokia 210 (2018) (16MB 16MB 2G) TA": {
        "price": "1678950",
        "id": 15856,
        "permalink": "https://alidombe.com/product/mobile-nokia-210-2018-16mb-16mb-2g-ta/",
        "site": "aasood.com"
    },
    "Mobile Nokia 2660 Flip (2022) (48MB 128MB 4G) FA": {
        "price": "2760450",
        "id": 15857,
        "permalink": "https://alidombe.com/product/mobile-nokia-2660-flip-2022-48mb-128mb-4g-fa/",
        "site": "aasood.com"
    },
    "Mobile Nokia 3310 (2017) (16MB 16MB 2G) TA": {
        "price": "2235450",
        "id": 15858,
        "permalink": "https://alidombe.com/product/mobile-nokia-3310-2017-16mb-16mb-2g-ta/",
        "site": "aasood.com"
    },
    "Mobile Nokia 6310 (2021) (8M 16M 2G) TA": {
        "price": "2203950",
        "id": 15859,
        "permalink": "https://alidombe.com/product/mobile-nokia-6310-2021-8m-16m-2g-ta/",
        "site": "aasood.com"
    }
}