{
    "Mobile Samsung A04 (3GB 32GB 4G) China": {
        "price": "3932250",
        "id": 15829,
        "permalink": "https://alidombe.com/product/mobile-samsung-a04-3gb-32gb-4g-china/",
        "site": "aasood.com"
    },
    "Mobile Samsung A04 (4GB 64GB 4G) China": {
        "price": "4482450",
        "id": 15830,
        "permalink": "https://alidombe.com/product/mobile-samsung-a04-4gb-64gb-4g-china/",
        "site": "aasood.com"
    },
    "Mobile Samsung A04e (3GB 32GB 4G) China": {
        "price": "3774750",
        "id": 15831,
        "permalink": "https://alidombe.com/product/mobile-samsung-a04e-3gb-32gb-4g-china/",
        "site": "aasood.com"
    },
    "Mobile Samsung A04e (3GB 64GB 4G) China": {
        "price": "4146450",
        "id": 15832,
        "permalink": "https://alidombe.com/product/mobile-samsung-a04e-3gb-64gb-4g-china/",
        "site": "aasood.com"
    },
    "Mobile Samsung A04s (3GB 32GB 4G) India": {
        "price": "4471950",
        "id": 15833,
        "permalink": "https://alidombe.com/product/mobile-samsung-a04s-3gb-32gb-4g-india/",
        "site": "aasood.com"
    },
    "Mobile Samsung A04s (3GB 32GB 4G) Vietnam": {
        "price": "4660950",
        "id": 15834,
        "permalink": "https://alidombe.com/product/mobile-samsung-a04s-3gb-32gb-4g-vietnam/",
        "site": "aasood.com"
    },
    "Mobile Samsung A04s (4GB 128GB 4G) Vietnam": {
        "price": "6130800",
        "id": 15835,
        "permalink": "https://alidombe.com/product/mobile-samsung-a04s-4gb-128gb-4g-vietnam/",
        "site": "aasood.com"
    },
    "Mobile Samsung A14 (4GB 128GB 4G) China": {
        "price": "6380400",
        "id": 15836,
        "permalink": "https://alidombe.com/product/mobile-samsung-a14-4gb-128gb-4g-china/",
        "site": "aasood.com"
    },
    "Mobile Samsung A14 (4GB 128GB 4G) Vietnam": {
        "price": "6467760",
        "id": 15837,
        "permalink": "https://alidombe.com/product/mobile-samsung-a14-4gb-128gb-4g-vietnam/",
        "site": "aasood.com"
    },
    "Mobile Samsung A14 (4GB 64GB 4G) Vietnam": {
        "price": "5552560",
        "id": 15838,
        "permalink": "https://alidombe.com/product/mobile-samsung-a14-4gb-64gb-4g-vietnam/",
        "site": "aasood.com"
    },
    "Mobile Samsung A14 (6GB 128GB 4G) Vietnam": {
        "price": "7715760",
        "id": 15839,
        "permalink": "https://alidombe.com/product/mobile-samsung-a14-6gb-128gb-4g-vietnam/",
        "site": "aasood.com"
    },
    "Mobile Samsung A24 (8GB 128GB 4G) India": {
        "price": "9608560",
        "id": 15840,
        "permalink": "https://alidombe.com/product/mobile-samsung-a24-8gb-128gb-4g-india/",
        "site": "aasood.com"
    },
    "Mobile Samsung A24 (8GB 128GB 4G) Vietnam": {
        "price": "10190960",
        "id": 15841,
        "permalink": "https://alidombe.com/product/mobile-samsung-a24-8gb-128gb-4g-vietnam/",
        "site": "aasood.com"
    },
    "Mobile Samsung A34 (8GB 128GB 5G) Vietnam": {
        "price": "12750370",
        "id": 15842,
        "permalink": "https://alidombe.com/product/mobile-samsung-a34-8gb-128gb-5g-vietnam/",
        "site": "aasood.com"
    },
    "Mobile Samsung A34 (8GB 256GB 5G) India": {
        "price": "13745350",
        "id": 15843,
        "permalink": "https://alidombe.com/product/mobile-samsung-a34-8gb-256gb-5g-india/",
        "site": "aasood.com"
    },
    "Mobile Samsung A54 (8GB 128GB 5G) India": {
        "price": "14301550",
        "id": 15844,
        "permalink": "https://alidombe.com/product/mobile-samsung-a54-8gb-128gb-5g-india/",
        "site": "aasood.com"
    },
    "Mobile Samsung A54 (8GB 256GB 5G) India": {
        "price": "15160570",
        "id": 15845,
        "permalink": "https://alidombe.com/product/mobile-samsung-a54-8gb-256gb-5g-india/",
        "site": "aasood.com"
    },
    "Mobile Samsung A54 (8GB 256GB 5G) Vietnam": {
        "price": "15856850",
        "id": 15846,
        "permalink": "https://alidombe.com/product/mobile-samsung-a54-8gb-256gb-5g-vietnam/",
        "site": "aasood.com"
    },
    "Mobile Samsung M13 (4GB 64GB 4G) India": {
        "price": "5870800",
        "id": 15847,
        "permalink": "https://alidombe.com/product/mobile-samsung-m13-4gb-64gb-4g-india/",
        "site": "aasood.com"
    },
    "Mobile Samsung S21 FE (8GB 256GB 5G) India": {
        "price": "17756170",
        "id": 15848,
        "permalink": "https://alidombe.com/product/mobile-samsung-s21-fe-8gb-256gb-5g-india/",
        "site": "aasood.com"
    }
}