{
    "Mobile Xiaomi 11 Lite 5G NE (8GB 128GB 5G) Global": {
        "price": "12358970",
        "id": 15819,
        "permalink": "https://alidombe.com/product/mobile-xiaomi-11-lite-5g-ne-8gb-128gb-5g-global/",
        "site": "aasood.com"
    },
    "Mobile Xiaomi Redmi 10A (2GB 32GB 4G) Global": {
        "price": "3673950",
        "id": 15820,
        "permalink": "https://alidombe.com/product/mobile-xiaomi-redmi-10a-2gb-32gb-4g-global/",
        "site": "aasood.com"
    },
    "Mobile Xiaomi Redmi 10C (4GB 64GB 4G) Global": {
        "price": "5460000",
        "id": 15821,
        "permalink": "https://alidombe.com/product/mobile-xiaomi-redmi-10c-4gb-64gb-4g-global/",
        "site": "aasood.com"
    },
    "Mobile Xiaomi Redmi 12C (6GB 128GB 4G) Global": {
        "price": "5510960",
        "id": 15822,
        "permalink": "https://alidombe.com/product/mobile-xiaomi-redmi-12c-6gb-128gb-4g-global/",
        "site": "aasood.com"
    },
    "Mobile Xiaomi Redmi Note 11S  (8GB 128GB 4G) Global": {
        "price": "9234160",
        "id": 15823,
        "permalink": "https://alidombe.com/product/mobile-xiaomi-redmi-note-11s-8gb-128gb-4g-global/",
        "site": "aasood.com"
    },
    "Mobile Xiaomi Redmi Note 12 (6GB 128GB 4G) Global": {
        "price": "7528560",
        "id": 15824,
        "permalink": "https://alidombe.com/product/mobile-xiaomi-redmi-note-12-6gb-128gb-4g-global/",
        "site": "aasood.com"
    },
    "Mobile Xiaomi Redmi Note 12 (8GB 128GB 4G) Global": {
        "price": "8003840",
        "id": 15825,
        "permalink": "https://alidombe.com/product/mobile-xiaomi-redmi-note-12-8gb-128gb-4g-global/",
        "site": "aasood.com"
    },
    "Mobile Xiaomi Redmi Note 12 Pro (8GB 256GB 4G) Global": {
        "price": "9946560",
        "id": 15826,
        "permalink": "https://alidombe.com/product/mobile-xiaomi-redmi-note-12-pro-8gb-256gb-4g-global/",
        "site": "aasood.com"
    },
    "Mobile Xiaomi Redmi Note 12 Pro+ (8GB 256GB 5G) Global": {
        "price": "15733250",
        "id": 15827,
        "permalink": "https://alidombe.com/product/mobile-xiaomi-redmi-note-12-pro-8gb-256gb-5g-global/",
        "site": "aasood.com"
    },
    "Mobile Xiaomi Redmi Note 12S (8GB 256GB 4G) Global": {
        "price": "8922160",
        "id": 15828,
        "permalink": "https://alidombe.com/product/mobile-xiaomi-redmi-note-12s-8gb-256gb-4g-global/",
        "site": "aasood.com"
    }
}