{
    "Mobile POCO C40 (3GB 32GB 4G) Global": {
        "price": "3820950",
        "id": 15860,
        "permalink": "https://alidombe.com/product/mobile-poco-c40-3gb-32gb-4g-global/",
        "site": "aasood.com"
    },
    "Mobile POCO C40 (4GB 64GB 4G) Global": {
        "price": "4167450",
        "id": 15861,
        "permalink": "https://alidombe.com/product/mobile-poco-c40-4gb-64gb-4g-global/",
        "site": "aasood.com"
    },
    "Mobile POCO F5 Pro (12GB 512GB 5G) Global": {
        "price": "23866980",
        "id": 15862,
        "permalink": "https://alidombe.com/product/mobile-poco-f5-pro-12gb-512gb-5g-global/",
        "site": "aasood.com"
    },
    "Mobile POCO M5 (6GB 128GB 4G) Global": {
        "price": "6363760",
        "id": 15863,
        "permalink": "https://alidombe.com/product/mobile-poco-m5-6gb-128gb-4g-global/",
        "site": "aasood.com"
    },
    "Mobile POCO M5s (8GB 256GB 4G) Global": {
        "price": "8568560",
        "id": 15864,
        "permalink": "https://alidombe.com/product/mobile-poco-m5s-8gb-256gb-4g-global/",
        "site": "aasood.com"
    },
    "Mobile POCO X4 Pro (6GB 128GB 5G) Global": {
        "price": "9878960",
        "id": 15865,
        "permalink": "https://alidombe.com/product/mobile-poco-x4-pro-6gb-128gb-5g-global/",
        "site": "aasood.com"
    },
    "Mobile POCO X5 (8GB 256GB 5G) Global": {
        "price": "10710970",
        "id": 15866,
        "permalink": "https://alidombe.com/product/mobile-poco-x5-8gb-256gb-5g-global/",
        "site": "aasood.com"
    },
    "Mobile POCO X5 Pro 5G (8GB 256GB 5G) Global": {
        "price": "13255070",
        "id": 15867,
        "permalink": "https://alidombe.com/product/mobile-poco-x5-pro-5g-8gb-256gb-5g-global/",
        "site": "aasood.com"
    }
}