{
    "\u062f\u0633\u062a\u0647 \u0628\u0627\u0632\u06cc \u062a\u06a9 Sony \u0645\u062f\u0644 CFI-ZCT1W PS5 - \u0645\u0634\u06a9\u06cc ": {
        "price": "3307500",
        "id": 15961,
        "permalink": "https://alidombe.com/product/%d8%af%d8%b3%d8%aa%d9%87-%d8%a8%d8%a7%d8%b2%db%8c-%d8%aa%da%a9-sony-%d9%85%d8%af%d9%84-cfi-zct1w-ps5-%d9%85%d8%b4%da%a9%db%8c-5/",
        "site": "panel.eways.co"
    },
    "\u06a9\u0646\u0633\u0648\u0644 \u0628\u0627\u0632\u06cc XBOX Series S 512GB": {
        "price": "15038000",
        "id": 15962,
        "permalink": "https://alidombe.com/product/%da%a9%d9%86%d8%b3%d9%88%d9%84-%d8%a8%d8%a7%d8%b2%db%8c-xbox-series-s-512gb-7/",
        "site": "panel.eways.co"
    }
}