{"\u0647\u0646\u062f\u0632\u0641\u0631\u06cc \u0628\u0627\u0633\u06cc\u0645 Miller \u0645\u062f\u0644 MH-127 - \u0645\u0634\u06a9\u06cc (NEW)": {"price": "82950", "id": 16187, "permalink": "https://alidombe.com/product/%d9%87%d9%86%d8%af%d8%b2%d9%81%d8%b1%db%8c-%d8%a8%d8%a7%d8%b3%db%8c%d9%85-miller-%d9%85%d8%af%d9%84-mh-127-%d9%85%d8%b4%da%a9%db%8c-new-2/", "site": "panel.eways.co"}, "\u0647\u0646\u062f\u0632\u0641\u0631\u06cc \u0628\u0627\u0633\u06cc\u0645 Miller \u0645\u062f\u0644 MH-127 - \u0633\u0641\u06cc\u062f (NEW)": {"price": "82950", "id": 16188, "permalink": "https://alidombe.com/product/%d9%87%d9%86%d8%af%d8%b2%d9%81%d8%b1%db%8c-%d8%a8%d8%a7%d8%b3%db%8c%d9%85-miller-%d9%85%d8%af%d9%84-mh-127-%d8%b3%d9%81%db%8c%d8%af-new-4/", "site": "panel.eways.co"}, "\u0647\u0646\u062f\u0632\u0641\u0631\u06cc \u0628\u0627\u0633\u06cc\u0645 HISKA \u0645\u062f\u0644 HK-732 - \u0633\u0628\u0632": {"price": "174300", "id": 16189, "permalink": "https://alidombe.com/product/%d9%87%d9%86%d8%af%d8%b2%d9%81%d8%b1%db%8c-%d8%a8%d8%a7%d8%b3%db%8c%d9%85-hiska-%d9%85%d8%af%d9%84-hk-732-%d8%b3%d8%a8%d8%b2-7/", "site": "panel.eways.co"}, "\u0647\u0646\u062f\u0632\u0641\u0631\u06cc \u0628\u0627\u0633\u06cc\u0645 HISKA \u0645\u062f\u0644 HK-749 - \u0645\u0634\u06a9\u06cc": {"price": "192150", "id": 16190, "permalink": "https://alidombe.com/product/%d9%87%d9%86%d8%af%d8%b2%d9%81%d8%b1%db%8c-%d8%a8%d8%a7%d8%b3%db%8c%d9%85-hiska-%d9%85%d8%af%d9%84-hk-749-%d9%85%d8%b4%da%a9%db%8c-3/", "site": "panel.eways.co"}, "\u0647\u0646\u062f\u0632\u0641\u0631\u06cc \u0628\u0627\u0633\u06cc\u0645 HISKA \u0645\u062f\u0644 HK-739 - \u0645\u0634\u06a9\u06cc": {"price": "179550", "id": 16191, "permalink": "https://alidombe.com/product/%d9%87%d9%86%d8%af%d8%b2%d9%81%d8%b1%db%8c-%d8%a8%d8%a7%d8%b3%db%8c%d9%85-hiska-%d9%85%d8%af%d9%84-hk-739-%d9%85%d8%b4%da%a9%db%8c-3/", "site": "panel.eways.co"}, "\u0647\u0646\u062f\u0632\u0641\u0631\u06cc \u0628\u0627\u0633\u06cc\u0645 HISKA \u0645\u062f\u0644 HK-729 - \u0633\u0641\u06cc\u062f": {"price": "145950", "id": 16192, "permalink": "https://alidombe.com/product/%d9%87%d9%86%d8%af%d8%b2%d9%81%d8%b1%db%8c-%d8%a8%d8%a7%d8%b3%db%8c%d9%85-hiska-%d9%85%d8%af%d9%84-hk-729-%d8%b3%d9%81%db%8c%d8%af-3/", "site": "panel.eways.co"}, "\u0647\u0646\u062f\u0632\u0641\u0631\u06cc \u0628\u0627\u0633\u06cc\u0645 HISKA \u0645\u062f\u0644 HK-727 - \u0633\u0641\u06cc\u062f": {"price": "183750", "id": 16193, "permalink": "https://alidombe.com/product/%d9%87%d9%86%d8%af%d8%b2%d9%81%d8%b1%db%8c-%d8%a8%d8%a7%d8%b3%db%8c%d9%85-hiska-%d9%85%d8%af%d9%84-hk-727-%d8%b3%d9%81%db%8c%d8%af-3/", "site": "panel.eways.co"}, "\u0647\u062f\u0641\u0648\u0646 \u0628\u06cc \u0633\u06cc\u0645 ZEALOT \u0645\u062f\u0644 B570 - \u0645\u0634\u06a9\u06cc \u0637\u0644\u0627\u06cc\u06cc": {"price": "576450", "id": 16194, "permalink": "https://alidombe.com/product/%d9%87%d8%af%d9%81%d9%88%d9%86-%d8%a8%db%8c-%d8%b3%db%8c%d9%85-zealot-%d9%85%d8%af%d9%84-b570-%d9%85%d8%b4%da%a9%db%8c-%d8%b7%d9%84%d8%a7%db%8c%db%8c-3/", "site": "panel.eways.co"}, "\u0647\u062f\u0641\u0648\u0646 \u0628\u06cc \u0633\u06cc\u0645 ZEALOT \u0645\u062f\u0644 B570 - \u0645\u0634\u06a9\u06cc \u0642\u0631\u0645\u0632": {"price": "576450", "id": 16195, "permalink": "https://alidombe.com/product/%d9%87%d8%af%d9%81%d9%88%d9%86-%d8%a8%db%8c-%d8%b3%db%8c%d9%85-zealot-%d9%85%d8%af%d9%84-b570-%d9%85%d8%b4%da%a9%db%8c-%d9%82%d8%b1%d9%85%d8%b2-3/", "site": "panel.eways.co"}, "\u0647\u0646\u062f\u0632\u0641\u0631\u06cc \u0628\u0627\u0633\u06cc\u0645 HISKA \u0645\u062f\u0644 HK-732 - \u0645\u0634\u06a9\u06cc": {"price": "196350", "id": 16196, "permalink": "https://alidombe.com/product/%d9%87%d9%86%d8%af%d8%b2%d9%81%d8%b1%db%8c-%d8%a8%d8%a7%d8%b3%db%8c%d9%85-hiska-%d9%85%d8%af%d9%84-hk-732-%d9%85%d8%b4%da%a9%db%8c-3/", "site": "panel.eways.co"}, "\u0647\u062f\u0641\u0648\u0646 \u0628\u06cc \u0633\u06cc\u0645 ZEALOT \u0645\u062f\u0644 B19 - \u0645\u0634\u06a9\u06cc": {"price": "964950", "id": 16197, "permalink": "https://alidombe.com/product/%d9%87%d8%af%d9%81%d9%88%d9%86-%d8%a8%db%8c-%d8%b3%db%8c%d9%85-zealot-%d9%85%d8%af%d9%84-b19-%d9%85%d8%b4%da%a9%db%8c-3/", "site": "panel.eways.co"}, "\u0647\u0646\u062f\u0632\u0641\u0631\u06cc \u0628\u0627\u0633\u06cc\u0645 HISKA \u0645\u062f\u0644 HK-732 - \u062e\u0627\u06a9\u0633\u062a\u0631\u06cc": {"price": "196350", "id": 16198, "permalink": "https://alidombe.com/product/%d9%87%d9%86%d8%af%d8%b2%d9%81%d8%b1%db%8c-%d8%a8%d8%a7%d8%b3%db%8c%d9%85-hiska-%d9%85%d8%af%d9%84-hk-732-%d8%ae%d8%a7%da%a9%d8%b3%d8%aa%d8%b1%db%8c-3/", "site": "panel.eways.co"}, "\u0647\u062f\u0641\u0648\u0646 \u0628\u06cc \u0633\u06cc\u0645 ZEALOT \u0645\u062f\u0644 B570 - \u0645\u0634\u06a9\u06cc ": {"price": "576450", "id": 16199, "permalink": "https://alidombe.com/product/%d9%87%d8%af%d9%81%d9%88%d9%86-%d8%a8%db%8c-%d8%b3%db%8c%d9%85-zealot-%d9%85%d8%af%d9%84-b570-%d9%85%d8%b4%da%a9%db%8c-3/", "site": "panel.eways.co"}, "\u0647\u0646\u062f\u0632\u0641\u0631\u06cc \u0628\u0627 \u0633\u06cc\u0645 Storia \u0645\u062f\u0644 ST-HF01 - \u0645\u0634\u06a9\u06cc": {"price": "120750", "id": 16200, "permalink": "https://alidombe.com/product/%d9%87%d9%86%d8%af%d8%b2%d9%81%d8%b1%db%8c-%d8%a8%d8%a7-%d8%b3%db%8c%d9%85-storia-%d9%85%d8%af%d9%84-st-hf01-%d9%85%d8%b4%da%a9%db%8c-3/", "site": "panel.eways.co"}, "\u0647\u0646\u062f\u0632\u0641\u0631\u06cc \u0628\u0627 \u0633\u06cc\u0645 Storia \u0645\u062f\u0644 ST-HF02 - \u0645\u0634\u06a9\u06cc": {"price": "103950", "id": 16201, "permalink": "https://alidombe.com/product/%d9%87%d9%86%d8%af%d8%b2%d9%81%d8%b1%db%8c-%d8%a8%d8%a7-%d8%b3%db%8c%d9%85-storia-%d9%85%d8%af%d9%84-st-hf02-%d9%85%d8%b4%da%a9%db%8c-3/", "site": "panel.eways.co"}, "\u0647\u062f\u0641\u0648\u0646 \u0628\u06cc \u0633\u06cc\u0645 Realme Buds \u0645\u062f\u0644 Air neo - \u0633\u0641\u06cc\u062f - \u0627\u0635\u0644\u06cc": {"price": "1048950", "id": 16202, "permalink": "https://alidombe.com/product/%d9%87%d8%af%d9%81%d9%88%d9%86-%d8%a8%db%8c-%d8%b3%db%8c%d9%85-realme-buds-%d9%85%d8%af%d9%84-air-neo-%d8%b3%d9%81%db%8c%d8%af-%d8%a7%d8%b5%d9%84%db%8c-3/", "site": "panel.eways.co"}, "\u0647\u062f\u0641\u0648\u0646 \u0628\u06cc \u0633\u06cc\u0645 ZEALOT \u0645\u062f\u0644 B17 - \u0645\u0634\u06a9\u06cc": {"price": "858900", "id": 16203, "permalink": "https://alidombe.com/product/%d9%87%d8%af%d9%81%d9%88%d9%86-%d8%a8%db%8c-%d8%b3%db%8c%d9%85-zealot-%d9%85%d8%af%d9%84-b17-%d9%85%d8%b4%da%a9%db%8c-3/", "site": "panel.eways.co"}, "\u0647\u062f\u0641\u0648\u0646 \u0628\u06cc \u0633\u06cc\u0645 ZEALOT \u0645\u062f\u0644 B20 - \u0646\u0642\u0631\u0647 \u0627\u06cc": {"price": "987000", "id": 16204, "permalink": "https://alidombe.com/product/%d9%87%d8%af%d9%81%d9%88%d9%86-%d8%a8%db%8c-%d8%b3%db%8c%d9%85-zealot-%d9%85%d8%af%d9%84-b20-%d9%86%d9%82%d8%b1%d9%87-%d8%a7%db%8c-3/", "site": "panel.eways.co"}, "\u0647\u062f\u0641\u0648\u0646 \u0628\u06cc \u0633\u06cc\u0645 ZEALOT \u0645\u062f\u0644 B20 - \u0637\u0644\u0627\u06cc\u06cc": {"price": "987000", "id": 16205, "permalink": "https://alidombe.com/product/%d9%87%d8%af%d9%81%d9%88%d9%86-%d8%a8%db%8c-%d8%b3%db%8c%d9%85-zealot-%d9%85%d8%af%d9%84-b20-%d8%b7%d9%84%d8%a7%db%8c%db%8c-3/", "site": "panel.eways.co"}, "\u0647\u0646\u062f\u0632\u0641\u0631\u06cc \u0628\u06cc \u0633\u06cc\u0645 Wiwu \u0645\u062f\u0644 Marathon Ma 1 - \u0645\u0634\u06a9\u06cc (\u06af\u0627\u0631\u0627\u0646\u062a\u06cc \u0634\u0634 \u0645\u0627\u0647\u0647 \u0634\u0631\u06a9\u062a\u06cc)": {"price": "1019550", "id": 16206, "permalink": "https://alidombe.com/product/%d9%87%d9%86%d8%af%d8%b2%d9%81%d8%b1%db%8c-%d8%a8%db%8c-%d8%b3%db%8c%d9%85-wiwu-%d9%85%d8%af%d9%84-marathon-ma-1-%d9%85%d8%b4%da%a9%db%8c-%da%af%d8%a7%d8%b1%d8%a7%d9%86%d8%aa%db%8c-%d8%b4%d8%b4-3/", "site": "panel.eways.co"}, "\u0647\u0646\u062f\u0632\u0641\u0631\u06cc \u06af\u0631\u062f\u0646\u06cc \u0645\u06af\u0646\u062a\u06cc \u0628\u06cc \u0633\u06cc\u0645 HISKA \u0645\u062f\u0644 FX-393 - \u0645\u0634\u06a9\u06cc": {"price": "492450", "id": 16207, "permalink": "https://alidombe.com/product/%d9%87%d9%86%d8%af%d8%b2%d9%81%d8%b1%db%8c-%da%af%d8%b1%d8%af%d9%86%db%8c-%d9%85%da%af%d9%86%d8%aa%db%8c-%d8%a8%db%8c-%d8%b3%db%8c%d9%85-hiska-%d9%85%d8%af%d9%84-fx-393-%d9%85%d8%b4%da%a9%db%8c-3/", "site": "panel.eways.co"}, "\u0627\u06cc\u0631\u0641\u0648\u0646 \u0628\u06cc \u0633\u06cc\u0645 \u06af\u06cc\u0645\u06cc\u0646\u06af XO \u0645\u062f\u0644 G11 - \u0645\u0634\u06a9\u06cc": {"price": "1048950", "id": 16208, "permalink": "https://alidombe.com/product/%d8%a7%db%8c%d8%b1%d9%81%d9%88%d9%86-%d8%a8%db%8c-%d8%b3%db%8c%d9%85-%da%af%db%8c%d9%85%db%8c%d9%86%da%af-xo-%d9%85%d8%af%d9%84-g11-%d9%85%d8%b4%da%a9%db%8c/", "site": "panel.eways.co"}, "\u0627\u06cc\u0631\u0641\u0648\u0646 \u0628\u06cc\u200c\u0633\u06cc\u0645 Nokia \u0645\u062f\u0644 TWS-411 - \u0633\u0641\u06cc\u062f": {"price": "1153950", "id": 16209, "permalink": "https://alidombe.com/product/%d8%a7%db%8c%d8%b1%d9%81%d9%88%d9%86-%d8%a8%db%8c%d8%b3%db%8c%d9%85-nokia-%d9%85%d8%af%d9%84-tws-411-%d8%b3%d9%81%db%8c%d8%af/", "site": "panel.eways.co"}, "\u0627\u06cc\u0631\u0641\u0648\u0646 \u06af\u06cc\u0645 \u0628\u06cc \u0633\u06cc\u0645 HISKA \u0645\u062f\u0644 BLUEJAY - \u0645\u0634\u06a9\u06cc": {"price": "1655850", "id": 16210, "permalink": "https://alidombe.com/product/%d8%a7%db%8c%d8%b1%d9%81%d9%88%d9%86-%da%af%db%8c%d9%85-%d8%a8%db%8c-%d8%b3%db%8c%d9%85-hiska-%d9%85%d8%af%d9%84-bluejay-%d9%85%d8%b4%da%a9%db%8c-3/", "site": "panel.eways.co"}}