{
    "\u0644\u067e \u062a\u0627\u067e \u0644\u0646\u0648\u0648 15.6 \u0627\u06cc\u0646\u0686\u06cc FHD \u0645\u062f\u0644 Intel i7 - Ideapad Gaming 3 15IAH7 \u0631\u0645 16GB \u062d\u0627\u0641\u0638\u0647 512GB SSD \u06af\u0631\u0627\u0641\u06cc\u06a9 RTX3050 - \u062e\u0627\u06a9\u0633\u062a\u0631\u06cc": {
        "price": "41818980",
        "id": 15923,
        "permalink": "https://alidombe.com/product/%d9%84%d9%be-%d8%aa%d8%a7%d9%be-%d9%84%d9%86%d9%88%d9%88-15-6-%d8%a7%db%8c%d9%86%da%86%db%8c-fhd-%d9%85%d8%af%d9%84-intel-i7-ideapad-gaming-3-15iah7-%d8%b1%d9%85-16gb-%d8%ad%d8%a7%d9%81%d8%b8%d9%87-5/",
        "site": "panel.eways.co"
    },
    "\u0644\u067e \u062a\u0627\u067e \u0644\u0646\u0648\u0648 15.6 \u0627\u06cc\u0646\u0686\u06cc FHD \u0645\u062f\u0644 AMD R7 - Ideapad 3 15ALC6 \u0631\u0645 20GB \u062d\u0627\u0641\u0638\u0647 1TB HDD+256GB SSD \u06af\u0631\u0627\u0641\u06cc\u06a9 Integrated - \u062e\u0627\u06a9\u0633\u062a\u0631\u06cc": {
        "price": "24835980",
        "id": 15924,
        "permalink": "https://alidombe.com/product/%d9%84%d9%be-%d8%aa%d8%a7%d9%be-%d9%84%d9%86%d9%88%d9%88-15-6-%d8%a7%db%8c%d9%86%da%86%db%8c-fhd-%d9%85%d8%af%d9%84-amd-r7-ideapad-3-15alc6-%d8%b1%d9%85-20gb-%d8%ad%d8%a7%d9%81%d8%b8%d9%87-1tb-hdd2-3/",
        "site": "panel.eways.co"
    },
    "\u0644\u067e \u062a\u0627\u067e \u0644\u0646\u0648\u0648 15.6 \u0627\u06cc\u0646\u0686\u06cc FHD \u0645\u062f\u0644 Intel i7-12650H - Ideapad Gaming 3 15IAH7 \u0631\u0645 16GB \u062d\u0627\u0641\u0638\u0647 512GB SSD \u06af\u0631\u0627\u0641\u06cc\u06a9 RTX3060 - \u062e\u0627\u06a9\u0633\u062a\u0631\u06cc": {
        "price": "46633380",
        "id": 15925,
        "permalink": "https://alidombe.com/product/%d9%84%d9%be-%d8%aa%d8%a7%d9%be-%d9%84%d9%86%d9%88%d9%88-15-6-%d8%a7%db%8c%d9%86%da%86%db%8c-fhd-%d9%85%d8%af%d9%84-intel-i7-12650h-ideapad-gaming-3-15iah7-%d8%b1%d9%85-16gb-%d8%ad%d8%a7%d9%81%d8%b8-3/",
        "site": "panel.eways.co"
    },
    "\u0644\u067e \u062a\u0627\u067e \u0644\u0646\u0648\u0648 15.6 \u0627\u06cc\u0646\u0686\u06cc FHD \u0645\u062f\u0644 Intel i7 - ThinkBook 15 G2 ITL \u0631\u0645 12GB \u062d\u0627\u0641\u0638\u0647 512GB SSD \u06af\u0631\u0627\u0641\u06cc\u06a9 MX450 - \u0646\u0642\u0631\u0647 \u0627\u06cc": {
        "price": "31446600",
        "id": 15926,
        "permalink": "https://alidombe.com/product/%d9%84%d9%be-%d8%aa%d8%a7%d9%be-%d9%84%d9%86%d9%88%d9%88-15-6-%d8%a7%db%8c%d9%86%da%86%db%8c-fhd-%d9%85%d8%af%d9%84-intel-i7-thinkbook-15-g2-itl-%d8%b1%d9%85-12gb-%d8%ad%d8%a7%d9%81%d8%b8%d9%87-512g/",
        "site": "panel.eways.co"
    },
    "\u0644\u067e \u062a\u0627\u067e \u0644\u0646\u0648\u0648 15.6 \u0627\u06cc\u0646\u0686\u06cc FHD \u0645\u062f\u0644 Intel i7 - Ideapad 3 15ITL6 \u0631\u0645 12GB \u062d\u0627\u0641\u0638\u0647 1TB HDD \u06af\u0631\u0627\u0641\u06cc\u06a9 MX450 - \u0646\u0642\u0631\u0647 \u0627\u06cc": {
        "price": "27283980",
        "id": 15927,
        "permalink": "https://alidombe.com/product/%d9%84%d9%be-%d8%aa%d8%a7%d9%be-%d9%84%d9%86%d9%88%d9%88-15-6-%d8%a7%db%8c%d9%86%da%86%db%8c-fhd-%d9%85%d8%af%d9%84-intel-i7-ideapad-3-15itl6-%d8%b1%d9%85-12gb-%d8%ad%d8%a7%d9%81%d8%b8%d9%87-1tb-hdd-3/",
        "site": "panel.eways.co"
    },
    "\u0644\u067e \u062a\u0627\u067e \u0644\u0646\u0648\u0648 15.6 \u0627\u06cc\u0646\u0686\u06cc FHD \u0645\u062f\u0644 Intel i5 - ThinkBook 15 G2 ITL \u0631\u0645 8GB \u062d\u0627\u0641\u0638\u0647 256GB SSD \u06af\u0631\u0627\u0641\u06cc\u06a9 MX450 - \u062e\u0627\u06a9\u0633\u062a\u0631\u06cc": {
        "price": "29121000",
        "id": 15928,
        "permalink": "https://alidombe.com/product/%d9%84%d9%be-%d8%aa%d8%a7%d9%be-%d9%84%d9%86%d9%88%d9%88-15-6-%d8%a7%db%8c%d9%86%da%86%db%8c-fhd-%d9%85%d8%af%d9%84-intel-i5-thinkbook-15-g2-itl-%d8%b1%d9%85-8gb-%d8%ad%d8%a7%d9%81%d8%b8%d9%87-256gb-3/",
        "site": "panel.eways.co"
    },
    "\u0644\u067e \u062a\u0627\u067e \u06af\u06cc\u0645\u06cc\u0646\u06af \u0627\u06cc\u0633\u0648\u0633 15.6 \u0627\u06cc\u0646\u0686\u06cc FHD \u0645\u062f\u0644 Intel i7 - TUF567W4-LP094 \u0631\u0645 16GB \u062d\u0627\u0641\u0638\u0647 1TB SSD \u06af\u0631\u0627\u0641\u06cc\u06a9 RTX4060 - \u062e\u0627\u06a9\u0633\u062a\u0631\u06cc": {
        "price": "70584000",
        "id": 15929,
        "permalink": "https://alidombe.com/product/%d9%84%d9%be-%d8%aa%d8%a7%d9%be-%da%af%db%8c%d9%85%db%8c%d9%86%da%af-%d8%a7%db%8c%d8%b3%d9%88%d8%b3-15-6-%d8%a7%db%8c%d9%86%da%86%db%8c-fhd-%d9%85%d8%af%d9%84-intel-i7-tuf567w4-lp094-%d8%b1%d9%85-16/",
        "site": "panel.eways.co"
    },
    "\u0644\u067e \u062a\u0627\u067e \u0644\u0646\u0648\u0648 16 \u0627\u06cc\u0646\u0686\u06cc WQXGA \u0645\u062f\u0644 Intel i7 - LOQ 16IRH8 \u0631\u0645 16GB \u062d\u0627\u0641\u0638\u0647 512GB SSD \u06af\u0631\u0627\u0641\u06cc\u06a9 RTX4060  - \u062e\u0627\u06a9\u0633\u062a\u0631\u06cc": {
        "price": "64362000",
        "id": 15930,
        "permalink": "https://alidombe.com/product/%d9%84%d9%be-%d8%aa%d8%a7%d9%be-%d9%84%d9%86%d9%88%d9%88-16-%d8%a7%db%8c%d9%86%da%86%db%8c-wqxga-%d9%85%d8%af%d9%84-intel-i7-loq-16irh8-%d8%b1%d9%85-16gb-%d8%ad%d8%a7%d9%81%d8%b8%d9%87-512gb-ssd-3/",
        "site": "panel.eways.co"
    },
    "\u0644\u067e \u062a\u0627\u067e \u0644\u0646\u0648\u0648 15.6 \u0627\u06cc\u0646\u0686\u06cc FHD \u0645\u062f\u0644 Intel i7 - Ideapad 5 15ITL05 \u0631\u0645 16GB \u062d\u0627\u0641\u0638\u0647 512GB SSD \u06af\u0631\u0627\u0641\u06cc\u06a9 MX450 - \u062e\u0627\u06a9\u0633\u062a\u0631\u06cc": {
        "price": "30396000",
        "id": 15931,
        "permalink": "https://alidombe.com/product/%d9%84%d9%be-%d8%aa%d8%a7%d9%be-%d9%84%d9%86%d9%88%d9%88-15-6-%d8%a7%db%8c%d9%86%da%86%db%8c-fhd-%d9%85%d8%af%d9%84-intel-i7-ideapad-5-15itl05-%d8%b1%d9%85-16gb-%d8%ad%d8%a7%d9%81%d8%b8%d9%87-512gb-3/",
        "site": "panel.eways.co"
    },
    "\u0644\u067e \u062a\u0627\u067e \u0644\u0646\u0648\u0648 15.6 \u0627\u06cc\u0646\u0686\u06cc FHD \u0645\u062f\u0644 Intel i5 - Ideapad 3 15IAU7 \u0631\u0645 8GB \u062d\u0627\u0641\u0638\u0647 512GB SSD \u06af\u0631\u0627\u0641\u06cc\u06a9 Integrated - \u062e\u0627\u06a9\u0633\u062a\u0631\u06cc": {
        "price": "22673580",
        "id": 15932,
        "permalink": "https://alidombe.com/product/%d9%84%d9%be-%d8%aa%d8%a7%d9%be-%d9%84%d9%86%d9%88%d9%88-15-6-%d8%a7%db%8c%d9%86%da%86%db%8c-fhd-%d9%85%d8%af%d9%84-intel-i5-ideapad-3-15iau7-%d8%b1%d9%85-8gb-%d8%ad%d8%a7%d9%81%d8%b8%d9%87-512gb-ss-3/",
        "site": "panel.eways.co"
    },
    "\u0644\u067e \u062a\u0627\u067e \u0644\u0646\u0648\u0648 15.6 \u0627\u06cc\u0646\u0686\u06cc FHD \u0645\u062f\u0644 Intel N4020 - Ideapad 3 15IGL05 \u0631\u0645 4GB \u062d\u0627\u0641\u0638\u0647 256GB SSD \u06af\u0631\u0627\u0641\u06cc\u06a9 Integrated  - \u0645\u0634\u06a9\u06cc": {
        "price": "9744800",
        "id": 15933,
        "permalink": "https://alidombe.com/product/%d9%84%d9%be-%d8%aa%d8%a7%d9%be-%d9%84%d9%86%d9%88%d9%88-15-6-%d8%a7%db%8c%d9%86%da%86%db%8c-fhd-%d9%85%d8%af%d9%84-intel-n4020-ideapad-3-15igl05-%d8%b1%d9%85-4gb-%d8%ad%d8%a7%d9%81%d8%b8%d9%87-256g-3/",
        "site": "panel.eways.co"
    },
    "\u0644\u067e \u062a\u0627\u067e \u0644\u0646\u0648\u0648 15.6 \u0627\u06cc\u0646\u0686\u06cc FHD \u0645\u062f\u0644 Intel i7 - Ideapad 3 15ITL6 \u0631\u0645 24GB \u062d\u0627\u0641\u0638\u0647 1TB HDD \u06af\u0631\u0627\u0641\u06cc\u06a9 MX450 - \u0646\u0642\u0631\u0647 \u0627\u06cc": {
        "price": "29068980",
        "id": 15934,
        "permalink": "https://alidombe.com/product/%d9%84%d9%be-%d8%aa%d8%a7%d9%be-%d9%84%d9%86%d9%88%d9%88-15-6-%d8%a7%db%8c%d9%86%da%86%db%8c-fhd-%d9%85%d8%af%d9%84-intel-i7-ideapad-3-15itl6-%d8%b1%d9%85-24gb-%d8%ad%d8%a7%d9%81%d8%b8%d9%87-1tb-hdd/",
        "site": "panel.eways.co"
    },
    "\u0644\u067e \u062a\u0627\u067e \u0644\u0646\u0648\u0648 15.6 \u0627\u06cc\u0646\u0686\u06cc FHD \u0645\u062f\u0644 Intel i7 - Ideapad 3 15IAU7 \u0631\u0645 8GB \u062d\u0627\u0641\u0638\u0647 512GB SSD \u06af\u0631\u0627\u0641\u06cc\u06a9 Integrated - \u062e\u0627\u06a9\u0633\u062a\u0631\u06cc": {
        "price": "26202780",
        "id": 15935,
        "permalink": "https://alidombe.com/product/%d9%84%d9%be-%d8%aa%d8%a7%d9%be-%d9%84%d9%86%d9%88%d9%88-15-6-%d8%a7%db%8c%d9%86%da%86%db%8c-fhd-%d9%85%d8%af%d9%84-intel-i7-ideapad-3-15iau7-%d8%b1%d9%85-8gb-%d8%ad%d8%a7%d9%81%d8%b8%d9%87-512gb-ss/",
        "site": "panel.eways.co"
    },
    "\u0644\u067e \u062a\u0627\u067e \u0644\u0646\u0648\u0648 15.6 \u0627\u06cc\u0646\u0686\u06cc HD \u0645\u062f\u0644 Intel N4020 - V15-IGL \u0631\u0645 4GB \u062d\u0627\u0641\u0638\u0647 512GB SSD \u06af\u0631\u0627\u0641\u06cc\u06a9 Integrated - \u0646\u0642\u0631\u0647 \u0627\u06cc": {
        "price": "10086960",
        "id": 15936,
        "permalink": "https://alidombe.com/product/%d9%84%d9%be-%d8%aa%d8%a7%d9%be-%d9%84%d9%86%d9%88%d9%88-15-6-%d8%a7%db%8c%d9%86%da%86%db%8c-hd-%d9%85%d8%af%d9%84-intel-n4020-v15-igl-%d8%b1%d9%85-4gb-%d8%ad%d8%a7%d9%81%d8%b8%d9%87-512gb-ssd/",
        "site": "panel.eways.co"
    }
}