name,price
هندزفری باسیم HISKA مدل HK-739 - مشکی,"1,710,000"
هندزفری باسیم HISKA مدل HK-739 - خاکستری,"1,710,000"
هندزفری باسیم HISKA مدل HK-739 - سفید,"1,710,000"
هندزفری باسیم HISKA مدل HK-749 - مشکی,"1,830,000"
هندزفری باسیم HISKA مدل HK-727 - سفید,"1,750,000"
هندزفری باسیم HISKA مدل HK-729 - سفید,"1,390,000"
هندزفری باسیم HISKA مدل HK-732 - سبز,"1,870,000"
هندزفری باسیم HISKA مدل HK-732 - خاکستری,"1,870,000"
هندزفری باسیم HISKA مدل HK-732 - مشکی,"1,870,000"
هدفون بی سیم ZEALOT مدل B19 - مشکی,"9,450,000"
هدفون بی سیم ZEALOT مدل B28 - قرمز,"8,800,000"
هدفون بی سیم ZEALOT مدل B28 - مشکی,"8,800,000"
هدفون بی سیم ZEALOT مدل B570 - مشکی ,"6,500,000"
هدفون بی سیم ZEALOT مدل B570 - مشکی طلایی,"6,500,000"
هدفون بی سیم ZEALOT مدل B570 - مشکی قرمز,"6,500,000"
ایرفون گیم بی سیم HISKA مدل FX-420 - مشکی,"9,790,000"
ایرفون گیم بی سیم HISKA مدل FX-419 - مشکی,"9,790,000"
هندزفری گردنی مگنتی بی سیم HISKA مدل FX-393 - مشکی,"4,690,000"
ایرفون گیم بی سیم HISKA مدل BLUEJAY - مشکی,"15,770,000"
ایرفون بی سیم HISKA مدل NACRE - سفید,"10,550,000"
ایرفون بی سیم HISKA مدل Pro2 - سفید,"13,930,000"
ایرفون بی سیم Lenovo مدل Live Pods LP3 - سفید,"9,690,000"
هندزفری باسیم Yesido مدل YH16 - مشکی,"1,410,000"
هندزفری بی سیم Wiwu مدل Marathon Ma 1 - مشکی (گارانتی شش ماهه شرکتی),"11,990,000"
