{
    "\u0627\u0633\u067e\u06cc\u06a9\u0631 \u0631\u0648\u0645\u06cc\u0632\u06cc (\u062f\u0633\u06a9\u062a\u0627\u067e) \u062f\u0648 \u062a\u06a9\u0647 \u062a\u0633\u06a9\u0648 \u0645\u062f\u0644 TS 2060 - \u0645\u0634\u06a9\u06cc \u0628\u0627 \u0648\u0631\u0648\u062f\u06cc \u0628\u0631\u0642 ": {
        "price": "438900",
        "id": 15902,
        "permalink": "https://alidombe.com/product/%d8%a7%d8%b3%d9%be%db%8c%da%a9%d8%b1-%d8%b1%d9%88%d9%85%db%8c%d8%b2%db%8c-%d8%af%d8%b3%da%a9%d8%aa%d8%a7%d9%be-%d8%af%d9%88-%d8%aa%da%a9%d9%87-%d8%aa%d8%b3%da%a9%d9%88-%d9%85%d8%af%d9%84-ts-2060-12/",
        "site": "panel.eways.co"
    },
    "\u0627\u0633\u067e\u06cc\u06a9\u0631 \u0631\u0648\u0645\u06cc\u0632\u06cc \u062a\u0633\u06a9\u0648 \u0645\u062f\u0644 TS 2187": {
        "price": "3609900",
        "id": 15903,
        "permalink": "https://alidombe.com/product/%d8%a7%d8%b3%d9%be%db%8c%da%a9%d8%b1-%d8%b1%d9%88%d9%85%db%8c%d8%b2%db%8c-%d8%aa%d8%b3%da%a9%d9%88-%d9%85%d8%af%d9%84-ts-2187/",
        "site": "panel.eways.co"
    },
    "\u0627\u0633\u067e\u06cc\u06a9\u0631 \u0631\u0648\u0645\u06cc\u0632\u06cc \u062a\u0633\u06a9\u0648 \u0645\u062f\u0644 TS 2193 - \u0645\u0634\u06a9\u06cc": {
        "price": "2446500",
        "id": 15904,
        "permalink": "https://alidombe.com/product/%d8%a7%d8%b3%d9%be%db%8c%da%a9%d8%b1-%d8%b1%d9%88%d9%85%db%8c%d8%b2%db%8c-%d8%aa%d8%b3%da%a9%d9%88-%d9%85%d8%af%d9%84-ts-2193-%d9%85%d8%b4%da%a9%db%8c/",
        "site": "panel.eways.co"
    },
    "\u0627\u0633\u067e\u06cc\u06a9\u0631 \u0631\u0648\u0645\u06cc\u0632\u06cc (\u062f\u0633\u06a9\u062a\u0627\u067e) \u0633\u0647 \u062a\u06a9\u0647 \u062a\u0633\u06a9\u0648 \u0645\u062f\u0644 TS 2182 - \u0645\u0634\u06a9\u06cc \u0628\u0627 \u062a\u0648\u0627\u0646 \u062e\u0631\u0648\u062c\u06cc 40W ": {
        "price": "3174990",
        "id": 15905,
        "permalink": "https://alidombe.com/product/%d8%a7%d8%b3%d9%be%db%8c%da%a9%d8%b1-%d8%b1%d9%88%d9%85%db%8c%d8%b2%db%8c-%d8%af%d8%b3%da%a9%d8%aa%d8%a7%d9%be-%d8%b3%d9%87-%d8%aa%da%a9%d9%87-%d8%aa%d8%b3%da%a9%d9%88-%d9%85%d8%af%d9%84-ts-2182-6/",
        "site": "panel.eways.co"
    },
    "\u0627\u0633\u067e\u06cc\u06a9\u0631 \u0631\u0648\u0645\u06cc\u0632\u06cc (\u062f\u0633\u06a9\u062a\u0627\u067e) \u0633\u0647 \u062a\u06a9\u0647 \u062a\u0633\u06a9\u0648 \u0645\u062f\u0644 TS 2191 - \u0645\u0634\u06a9\u06cc \u0628\u0627 \u062a\u0648\u0627\u0646 \u062e\u0631\u0648\u062c\u06cc 14W ": {
        "price": "2143050",
        "id": 15906,
        "permalink": "https://alidombe.com/product/%d8%a7%d8%b3%d9%be%db%8c%da%a9%d8%b1-%d8%b1%d9%88%d9%85%db%8c%d8%b2%db%8c-%d8%af%d8%b3%da%a9%d8%aa%d8%a7%d9%be-%d8%b3%d9%87-%d8%aa%da%a9%d9%87-%d8%aa%d8%b3%da%a9%d9%88-%d9%85%d8%af%d9%84-ts-2191-6/",
        "site": "panel.eways.co"
    },
    "\u0627\u0633\u067e\u06cc\u06a9\u0631 \u0628\u0627 \u0633\u06cc\u0645 \u062a\u0633\u06a9\u0648 \u0645\u062f\u0644 TS 2189 - \u0645\u0634\u06a9\u06cc": {
        "price": "2144100",
        "id": 15907,
        "permalink": "https://alidombe.com/product/%d8%a7%d8%b3%d9%be%db%8c%da%a9%d8%b1-%d8%a8%d8%a7-%d8%b3%db%8c%d9%85-%d8%aa%d8%b3%da%a9%d9%88-%d9%85%d8%af%d9%84-ts-2189-%d9%85%d8%b4%da%a9%db%8c-6/",
        "site": "panel.eways.co"
    },
    "\u0627\u0633\u067e\u06cc\u06a9\u0631 \u0631\u0648\u0645\u06cc\u0632\u06cc (\u062f\u0633\u06a9\u062a\u0627\u067e) \u0633\u0647 \u062a\u06a9\u0647 \u062a\u0633\u06a9\u0648 \u0645\u062f\u0644 TS 2196 - \u0645\u0634\u06a9\u06cc \u0628\u0627 \u062a\u0648\u0627\u0646 \u062e\u0631\u0648\u062c\u06cc 25W ": {
        "price": "1919400",
        "id": 15908,
        "permalink": "https://alidombe.com/product/%d8%a7%d8%b3%d9%be%db%8c%da%a9%d8%b1-%d8%b1%d9%88%d9%85%db%8c%d8%b2%db%8c-%d8%af%d8%b3%da%a9%d8%aa%d8%a7%d9%be-%d8%b3%d9%87-%d8%aa%da%a9%d9%87-%d8%aa%d8%b3%da%a9%d9%88-%d9%85%d8%af%d9%84-ts-2196/",
        "site": "panel.eways.co"
    },
    "\u0627\u0633\u067e\u06cc\u06a9\u0631 \u0631\u0648\u0645\u06cc\u0632\u06cc (\u062f\u0633\u06a9\u062a\u0627\u067e) \u062f\u0648 \u062a\u06a9\u0647 \u062a\u0633\u06a9\u0648 \u0645\u062f\u0644 TS 2059 - \u0645\u0634\u06a9\u06cc RGB \u062f\u0627\u0631 ": {
        "price": "266700",
        "id": 15909,
        "permalink": "https://alidombe.com/product/%d8%a7%d8%b3%d9%be%db%8c%da%a9%d8%b1-%d8%b1%d9%88%d9%85%db%8c%d8%b2%db%8c-%d8%af%d8%b3%da%a9%d8%aa%d8%a7%d9%be-%d8%af%d9%88-%d8%aa%da%a9%d9%87-%d8%aa%d8%b3%da%a9%d9%88-%d9%85%d8%af%d9%84-ts-2059-5/",
        "site": "panel.eways.co"
    },
    "\u0627\u0633\u067e\u06cc\u06a9\u0631 \u067e\u0631\u062a\u0627\u0628\u0644 6 \u0627\u06cc\u0646\u0686\u06cc ProOne \u0645\u062f\u0644 PSB4915(PSK01)-\u0645\u0634\u06a9\u06cc": {
        "price": "1160250",
        "id": 15910,
        "permalink": "https://alidombe.com/product/%d8%a7%d8%b3%d9%be%db%8c%da%a9%d8%b1-%d9%be%d8%b1%d8%aa%d8%a7%d8%a8%d9%84-6-%d8%a7%db%8c%d9%86%da%86%db%8c-proone-%d9%85%d8%af%d9%84-psb4915psk01-%d9%85%d8%b4%da%a9%db%8c-5/",
        "site": "panel.eways.co"
    },
    "\u0627\u0633\u067e\u06cc\u06a9\u0631 \u0628\u0627 \u0633\u06cc\u0645 JEDEL \u0645\u062f\u0644 S-526 - \u0645\u0634\u06a9\u06cc": {
        "price": "330750",
        "id": 15911,
        "permalink": "https://alidombe.com/product/%d8%a7%d8%b3%d9%be%db%8c%da%a9%d8%b1-%d8%a8%d8%a7-%d8%b3%db%8c%d9%85-jedel-%d9%85%d8%af%d9%84-s-526-%d9%85%d8%b4%da%a9%db%8c-5/",
        "site": "panel.eways.co"
    },
    "\u0633\u0627\u0646\u062f\u0628\u0627\u0631 \u0634\u06cc\u0627\u0626\u0648\u0645\u06cc \u0645\u062f\u0644 MDZ-34-DA - \u0645\u0634\u06a9\u06cc": {
        "price": "1879500",
        "id": 15912,
        "permalink": "https://alidombe.com/product/%d8%b3%d8%a7%d9%86%d8%af%d8%a8%d8%a7%d8%b1-%d8%b4%db%8c%d8%a7%d8%a6%d9%88%d9%85%db%8c-%d9%85%d8%af%d9%84-mdz-34-da-%d9%85%d8%b4%da%a9%db%8c-5/",
        "site": "panel.eways.co"
    },
    "\u0627\u0633\u067e\u06cc\u06a9\u0631 \u0631\u0648\u0645\u06cc\u0632\u06cc \u062f\u0648 \u062a\u06a9\u0647 EXON \u0645\u062f\u0644 E006 - \u0646\u0642\u0631\u0647 \u0627\u06cc": {
        "price": "369600",
        "id": 15913,
        "permalink": "https://alidombe.com/product/%d8%a7%d8%b3%d9%be%db%8c%da%a9%d8%b1-%d8%b1%d9%88%d9%85%db%8c%d8%b2%db%8c-%d8%af%d9%88-%d8%aa%da%a9%d9%87-exon-%d9%85%d8%af%d9%84-e006-%d9%86%d9%82%d8%b1%d9%87-%d8%a7%db%8c-5/",
        "site": "panel.eways.co"
    },
    "\u0627\u0633\u067e\u06cc\u06a9\u0631 \u0628\u0627 \u0633\u06cc\u0645 ELEVEN \u0645\u062f\u0644 SU201 - \u0645\u0634\u06a9\u06cc": {
        "price": "141750",
        "id": 15914,
        "permalink": "https://alidombe.com/product/%d8%a7%d8%b3%d9%be%db%8c%da%a9%d8%b1-%d8%a8%d8%a7-%d8%b3%db%8c%d9%85-eleven-%d9%85%d8%af%d9%84-su201-%d9%85%d8%b4%da%a9%db%8c/",
        "site": "panel.eways.co"
    },
    "\u0627\u0633\u067e\u06cc\u06a9\u0631 \u0628\u0627 \u0633\u06cc\u0645 JEDEL \u0645\u062f\u0644 S-527 - \u0645\u0634\u06a9\u06cc": {
        "price": "330750",
        "id": 15915,
        "permalink": "https://alidombe.com/product/%d8%a7%d8%b3%d9%be%db%8c%da%a9%d8%b1-%d8%a8%d8%a7-%d8%b3%db%8c%d9%85-jedel-%d9%85%d8%af%d9%84-s-527-%d9%85%d8%b4%da%a9%db%8c-5/",
        "site": "panel.eways.co"
    },
    "\u0627\u0633\u067e\u06cc\u06a9\u0631 \u062f\u0633\u06a9\u062a\u0627\u067e DATIS \u0645\u062f\u0644 GS315-R(Ultra)": {
        "price": "2614500",
        "id": 15916,
        "permalink": "https://alidombe.com/product/%d8%a7%d8%b3%d9%be%db%8c%da%a9%d8%b1-%d8%af%d8%b3%da%a9%d8%aa%d8%a7%d9%be-datis-%d9%85%d8%af%d9%84-gs315-rultra-5/",
        "site": "panel.eways.co"
    },
    "\u0627\u0633\u067e\u06cc\u06a9\u0631 \u0628\u0627 \u0633\u06cc\u0645 \u0631\u0648\u06cc\u0627\u0644 RSL-716 - \u0642\u0647\u0648\u0647 \u0627\u06cc": {
        "price": "408450",
        "id": 15917,
        "permalink": "https://alidombe.com/product/%d8%a7%d8%b3%d9%be%db%8c%da%a9%d8%b1-%d8%a8%d8%a7-%d8%b3%db%8c%d9%85-%d8%b1%d9%88%db%8c%d8%a7%d9%84-rsl-716-%d9%82%d9%87%d9%88%d9%87-%d8%a7%db%8c-5/",
        "site": "panel.eways.co"
    },
    "\u0627\u0633\u067e\u06cc\u06a9\u0631 \u062f\u0633\u06a9\u062a\u0627\u067e DATIS \u0645\u062f\u0644 TS 2116U(Ultra)": {
        "price": "2614500",
        "id": 15918,
        "permalink": "https://alidombe.com/product/%d8%a7%d8%b3%d9%be%db%8c%da%a9%d8%b1-%d8%af%d8%b3%da%a9%d8%aa%d8%a7%d9%be-datis-%d9%85%d8%af%d9%84-ts-2116uultra-5/",
        "site": "panel.eways.co"
    },
    "\u0627\u0633\u067e\u06cc\u06a9\u0631 \u067e\u0631\u062a\u0627\u0628\u0644 \u0633\u0627\u0646\u062f\u0628\u0627\u0631 \u062a\u0633\u06a9\u0648 TS 23350 - \u0645\u0634\u06a9\u06cc ": {
        "price": "1171800",
        "id": 15919,
        "permalink": "https://alidombe.com/product/%d8%a7%d8%b3%d9%be%db%8c%da%a9%d8%b1-%d9%be%d8%b1%d8%aa%d8%a7%d8%a8%d9%84-%d8%b3%d8%a7%d9%86%d8%af%d8%a8%d8%a7%d8%b1-%d8%aa%d8%b3%da%a9%d9%88-ts-23350-%d9%85%d8%b4%da%a9%db%8c-5/",
        "site": "panel.eways.co"
    },
    "\u0627\u0633\u067e\u06cc\u06a9\u0631 \u062f\u0633\u06a9\u062a\u0627\u067e DATIS \u0645\u062f\u0644 GS325-R(Ultra)": {
        "price": "2614500",
        "id": 15920,
        "permalink": "https://alidombe.com/product/%d8%a7%d8%b3%d9%be%db%8c%da%a9%d8%b1-%d8%af%d8%b3%da%a9%d8%aa%d8%a7%d9%be-datis-%d9%85%d8%af%d9%84-gs325-rultra-5/",
        "site": "panel.eways.co"
    },
    "\u0627\u0633\u067e\u06cc\u06a9\u0631 \u0628\u0627 \u0633\u06cc\u0645 Kisonli \u0645\u062f\u0644 V400 - \u0645\u0634\u06a9\u06cc \u0646\u0627\u0631\u0646\u062c\u06cc": {
        "price": "135450",
        "id": 15921,
        "permalink": "https://alidombe.com/product/%d8%a7%d8%b3%d9%be%db%8c%da%a9%d8%b1-%d8%a8%d8%a7-%d8%b3%db%8c%d9%85-kisonli-%d9%85%d8%af%d9%84-v400-%d9%85%d8%b4%da%a9%db%8c-%d9%86%d8%a7%d8%b1%d9%86%d8%ac%db%8c-5/",
        "site": "panel.eways.co"
    },
    "\u0627\u0633\u067e\u06cc\u06a9\u0631 \u0631\u0648\u0645\u06cc\u0632\u06cc +D-NET \u0645\u062f\u0644 DT-12 - \u0645\u0634\u06a9\u06cc": {
        "price": "219450",
        "id": 15922,
        "permalink": "https://alidombe.com/product/%d8%a7%d8%b3%d9%be%db%8c%da%a9%d8%b1-%d8%b1%d9%88%d9%85%db%8c%d8%b2%db%8c-d-net-%d9%85%d8%af%d9%84-dt-12-%d9%85%d8%b4%da%a9%db%8c/",
        "site": "panel.eways.co"
    }
}