{
    "\u06af\u0648\u0634\u06cc \u0645\u0648\u0628\u0627\u06cc\u0644 \u0627\u067e\u0644 \u0645\u062f\u0644 iphone 13 Pro Max Non Active B/A \u0638\u0631\u0641\u06cc\u062a 1TB - \u0633\u0628\u0632 (\u062a\u06a9 \u0633\u06cc\u0645 \u06a9\u0627\u0631\u062a)": {
        "price": "88942982",
        "id": 15937,
        "permalink": "https://alidombe.com/product/%da%af%d9%88%d8%b4%db%8c-%d9%85%d9%88%d8%a8%d8%a7%db%8c%d9%84-%d8%a7%d9%be%d9%84-%d9%85%d8%af%d9%84-iphone-13-pro-max-non-active-b-a-%d8%b8%d8%b1%d9%81%db%8c%d8%aa-1tb-%d8%b3%d8%a8%d8%b2-%d8%aa/",
        "site": "panel.eways.co"
    },
    "\u06af\u0648\u0634\u06cc \u0645\u0648\u0628\u0627\u06cc\u0644 \u0634\u06cc\u0627\u0626\u0648\u0645\u06cc \u0645\u062f\u0644 Redmi A2 Plus (RAM 3) \u0638\u0631\u0641\u06cc\u062a 64GB - \u0645\u0634\u06a9\u06cc": {
        "price": "3841950",
        "id": 15938,
        "permalink": "https://alidombe.com/product/%da%af%d9%88%d8%b4%db%8c-%d9%85%d9%88%d8%a8%d8%a7%db%8c%d9%84-%d8%b4%db%8c%d8%a7%d8%a6%d9%88%d9%85%db%8c-%d9%85%d8%af%d9%84-redmi-a2-plus-ram-3-%d8%b8%d8%b1%d9%81%db%8c%d8%aa-64gb-%d9%85%d8%b4/",
        "site": "panel.eways.co"
    },
    "\u06af\u0648\u0634\u06cc \u0645\u0648\u0628\u0627\u06cc\u0644 \u0634\u06cc\u0627\u0626\u0648\u0645\u06cc \u0645\u062f\u0644 Xiaomi Poco C40 (RAM 3) \u0638\u0631\u0641\u06cc\u062a 32GB - \u0645\u0634\u06a9\u06cc": {
        "price": "3820950",
        "id": 15939,
        "permalink": "https://alidombe.com/product/%da%af%d9%88%d8%b4%db%8c-%d9%85%d9%88%d8%a8%d8%a7%db%8c%d9%84-%d8%b4%db%8c%d8%a7%d8%a6%d9%88%d9%85%db%8c-%d9%85%d8%af%d9%84-xiaomi-poco-c40-ram-3-%d8%b8%d8%b1%d9%81%db%8c%d8%aa-32gb-%d9%85%d8%b4/",
        "site": "panel.eways.co"
    },
    "\u06af\u0648\u0634\u06cc \u0645\u0648\u0628\u0627\u06cc\u0644 \u0646\u0648\u06a9\u06cc\u0627 \u0645\u062f\u0644 2023- 110 \u062f\u0648 \u0633\u06cc\u0645 \u06a9\u0627\u0631\u062a - \u0630\u063a\u0627\u0644\u06cc - \u0627\u0635\u0644\u06cc (\u0647\u0645\u0631\u0627\u0647 \u062a\u062c\u0627\u0631\u062a \u062e\u0627\u0648\u0631\u0645\u06cc\u0627\u0646\u0647-FA)": {
        "price": "1027950",
        "id": 15940,
        "permalink": "https://alidombe.com/product/%da%af%d9%88%d8%b4%db%8c-%d9%85%d9%88%d8%a8%d8%a7%db%8c%d9%84-%d9%86%d9%88%da%a9%db%8c%d8%a7-%d9%85%d8%af%d9%84-2023-110-%d8%af%d9%88-%d8%b3%db%8c%d9%85-%da%a9%d8%a7%d8%b1%d8%aa-%d8%b0%d8%ba%d8%a7-2/",
        "site": "panel.eways.co"
    },
    "\u06af\u0648\u0634\u06cc \u0645\u0648\u0628\u0627\u06cc\u0644 \u0622\u0646\u0631 \u0645\u062f\u0644 Honor X8A (RAM 8) \u0638\u0631\u0641\u06cc\u062a 128GB - \u0645\u0634\u06a9\u06cc": {
        "price": "8559200",
        "id": 15941,
        "permalink": "https://alidombe.com/product/%da%af%d9%88%d8%b4%db%8c-%d9%85%d9%88%d8%a8%d8%a7%db%8c%d9%84-%d8%a2%d9%86%d8%b1-%d9%85%d8%af%d9%84-honor-x8a-ram-8-%d8%b8%d8%b1%d9%81%db%8c%d8%aa-128gb-%d9%85%d8%b4%da%a9%db%8c/",
        "site": "panel.eways.co"
    },
    "\u06af\u0648\u0634\u06cc \u0645\u0648\u0628\u0627\u06cc\u0644 \u0622\u0646\u0631 \u0645\u062f\u0644 Honor X6 (RAM 4) \u0638\u0631\u0641\u06cc\u062a 64GB - \u0646\u0642\u0631\u0647 \u0627\u06cc": {
        "price": "5164950",
        "id": 15942,
        "permalink": "https://alidombe.com/product/%da%af%d9%88%d8%b4%db%8c-%d9%85%d9%88%d8%a8%d8%a7%db%8c%d9%84-%d8%a2%d9%86%d8%b1-%d9%85%d8%af%d9%84-honor-x6-ram-4-%d8%b8%d8%b1%d9%81%db%8c%d8%aa-64gb-%d9%86%d9%82%d8%b1%d9%87-%d8%a7%db%8c/",
        "site": "panel.eways.co"
    },
    "\u06af\u0648\u0634\u06cc \u0645\u0648\u0628\u0627\u06cc\u0644 \u0646\u0648\u06a9\u06cc\u0627 \u0645\u062f\u0644  2017-130 \u062f\u0648\u0633\u06cc\u0645 \u06a9\u0627\u0631\u062a - \u0645\u0634\u06a9\u06cc - \u0627\u0635\u0644\u06cc (\u0641\u0627\u0645\u062a\u0644-FA)": {
        "price": "1165500",
        "id": 15943,
        "permalink": "https://alidombe.com/product/%da%af%d9%88%d8%b4%db%8c-%d9%85%d9%88%d8%a8%d8%a7%db%8c%d9%84-%d9%86%d9%88%da%a9%db%8c%d8%a7-%d9%85%d8%af%d9%84-2017-130-%d8%af%d9%88%d8%b3%db%8c%d9%85-%da%a9%d8%a7%d8%b1%d8%aa-%d9%85%d8%b4%da%a9/",
        "site": "panel.eways.co"
    },
    "\u06af\u0648\u0634\u06cc \u0645\u0648\u0628\u0627\u06cc\u0644 \u0622\u0646\u0631 \u0645\u062f\u0644 Honor X8A (RAM 8) \u0638\u0631\u0641\u06cc\u062a 128GB - \u0641\u06cc\u0631\u0648\u0632\u0647 \u0627\u06cc": {
        "price": "8526960",
        "id": 15944,
        "permalink": "https://alidombe.com/product/%da%af%d9%88%d8%b4%db%8c-%d9%85%d9%88%d8%a8%d8%a7%db%8c%d9%84-%d8%a2%d9%86%d8%b1-%d9%85%d8%af%d9%84-honor-x8a-ram-8-%d8%b8%d8%b1%d9%81%db%8c%d8%aa-128gb-%d9%81%db%8c%d8%b1%d9%88%d8%b2%d9%87-%d8%a7/",
        "site": "panel.eways.co"
    },
    "\u06af\u0648\u0634\u06cc \u0645\u0648\u0628\u0627\u06cc\u0644 \u0633\u0627\u0645\u0633\u0648\u0646\u06af \u0645\u062f\u0644 Galaxy A24 (RAM 4) \u0638\u0631\u0641\u06cc\u062a 128GB - \u0633\u0628\u0632 \u0631\u0648\u0634\u0646 (\u0648\u06cc\u062a\u0646\u0627\u0645)": {
        "price": "8268000",
        "id": 15945,
        "permalink": "https://alidombe.com/product/%da%af%d9%88%d8%b4%db%8c-%d9%85%d9%88%d8%a8%d8%a7%db%8c%d9%84-%d8%b3%d8%a7%d9%85%d8%b3%d9%88%d9%86%da%af-%d9%85%d8%af%d9%84-galaxy-a24-ram-4-%d8%b8%d8%b1%d9%81%db%8c%d8%aa-128gb-%d8%b3%d8%a8%d8%b2-2/",
        "site": "panel.eways.co"
    },
    "\u06af\u0648\u0634\u06cc \u0645\u0648\u0628\u0627\u06cc\u0644 \u0622\u0646\u0631 \u0645\u062f\u0644 Honor X6 (RAM 4) \u0638\u0631\u0641\u06cc\u062a 64GB - \u0645\u0634\u06a9\u06cc": {
        "price": "5164950",
        "id": 15946,
        "permalink": "https://alidombe.com/product/%da%af%d9%88%d8%b4%db%8c-%d9%85%d9%88%d8%a8%d8%a7%db%8c%d9%84-%d8%a2%d9%86%d8%b1-%d9%85%d8%af%d9%84-honor-x6-ram-4-%d8%b8%d8%b1%d9%81%db%8c%d8%aa-64gb-%d9%85%d8%b4%da%a9%db%8c-3/",
        "site": "panel.eways.co"
    },
    "\u06af\u0648\u0634\u06cc \u0645\u0648\u0628\u0627\u06cc\u0644 \u0633\u0627\u0645\u0633\u0648\u0646\u06af \u0645\u062f\u0644 Galaxy A14 (RAM 6) \u0638\u0631\u0641\u06cc\u062a 128GB - \u0645\u0634\u06a9\u06cc": {
        "price": "7715760",
        "id": 15947,
        "permalink": "https://alidombe.com/product/%da%af%d9%88%d8%b4%db%8c-%d9%85%d9%88%d8%a8%d8%a7%db%8c%d9%84-%d8%b3%d8%a7%d9%85%d8%b3%d9%88%d9%86%da%af-%d9%85%d8%af%d9%84-galaxy-a14-ram-6-%d8%b8%d8%b1%d9%81%db%8c%d8%aa-128gb-%d9%85%d8%b4%da%a9/",
        "site": "panel.eways.co"
    },
    "\u06af\u0648\u0634\u06cc \u0645\u0648\u0628\u0627\u06cc\u0644 \u0631\u06cc\u0644\u0645\u06cc \u0645\u062f\u0644 (C30S (RAM 2 \u0638\u0631\u0641\u06cc\u062a 32GB - \u0645\u0634\u06a9\u06cc": {
        "price": "2938950",
        "id": 15948,
        "permalink": "https://alidombe.com/product/%da%af%d9%88%d8%b4%db%8c-%d9%85%d9%88%d8%a8%d8%a7%db%8c%d9%84-%d8%b1%db%8c%d9%84%d9%85%db%8c-%d9%85%d8%af%d9%84-c30s-ram-2-%d8%b8%d8%b1%d9%81%db%8c%d8%aa-32gb-%d9%85%d8%b4%da%a9%db%8c/",
        "site": "panel.eways.co"
    },
    "\u06af\u0648\u0634\u06cc \u0645\u0648\u0628\u0627\u06cc\u0644 \u0631\u06cc\u0644\u0645\u06cc \u0645\u062f\u0644 (C30 (RAM 3 \u0638\u0631\u0641\u06cc\u062a 32GB - \u0633\u0628\u0632": {
        "price": "2991450",
        "id": 15949,
        "permalink": "https://alidombe.com/product/%da%af%d9%88%d8%b4%db%8c-%d9%85%d9%88%d8%a8%d8%a7%db%8c%d9%84-%d8%b1%db%8c%d9%84%d9%85%db%8c-%d9%85%d8%af%d9%84-c30-ram-3-%d8%b8%d8%b1%d9%81%db%8c%d8%aa-32gb-%d8%b3%d8%a8%d8%b2/",
        "site": "panel.eways.co"
    },
    "\u06af\u0648\u0634\u06cc \u0645\u0648\u0628\u0627\u06cc\u0644 \u062c\u06cc\u0648\u0646\u06cc \u0645\u062f\u0644 S11 lite (RAM 4) \u0638\u0631\u0641\u06cc\u062a 64GB - \u0622\u0628\u06cc \u062a\u06cc\u0631\u0647": {
        "price": "3045000",
        "id": 15950,
        "permalink": "https://alidombe.com/product/%da%af%d9%88%d8%b4%db%8c-%d9%85%d9%88%d8%a8%d8%a7%db%8c%d9%84-%d8%ac%db%8c%d9%88%d9%86%db%8c-%d9%85%d8%af%d9%84-s11-lite-ram-4-%d8%b8%d8%b1%d9%81%db%8c%d8%aa-64gb-%d8%a2%d8%a8%db%8c-%d8%aa%db%8c/",
        "site": "panel.eways.co"
    },
    "\u06af\u0648\u0634\u06cc \u0645\u0648\u0628\u0627\u06cc\u0644 \u0631\u06cc\u0644\u0645\u06cc \u0645\u062f\u0644 (C30 (RAM 3 \u0638\u0631\u0641\u06cc\u062a 32GB - \u0622\u0628\u06cc": {
        "price": "2991450",
        "id": 15951,
        "permalink": "https://alidombe.com/product/%da%af%d9%88%d8%b4%db%8c-%d9%85%d9%88%d8%a8%d8%a7%db%8c%d9%84-%d8%b1%db%8c%d9%84%d9%85%db%8c-%d9%85%d8%af%d9%84-c30-ram-3-%d8%b8%d8%b1%d9%81%db%8c%d8%aa-32gb-%d8%a2%d8%a8%db%8c/",
        "site": "panel.eways.co"
    },
    "\u06af\u0648\u0634\u06cc \u0645\u0648\u0628\u0627\u06cc\u0644 \u0633\u0627\u0645\u0633\u0648\u0646\u06af \u0645\u062f\u0644 Galaxy S23 Ultra 5G (RAM 12) \u0638\u0631\u0641\u06cc\u062a 512GB - \u0633\u0628\u0632 (\u0648\u06cc\u062a\u0646\u0627\u0645)": {
        "price": "57934980",
        "id": 15952,
        "permalink": "https://alidombe.com/product/%da%af%d9%88%d8%b4%db%8c-%d9%85%d9%88%d8%a8%d8%a7%db%8c%d9%84-%d8%b3%d8%a7%d9%85%d8%b3%d9%88%d9%86%da%af-%d9%85%d8%af%d9%84-galaxy-s23-ultra-5g-ram-12-%d8%b8%d8%b1%d9%81%db%8c%d8%aa-512gb-%d8%b3/",
        "site": "panel.eways.co"
    },
    "\u06af\u0648\u0634\u06cc \u0645\u0648\u0628\u0627\u06cc\u0644 \u0634\u06cc\u0627\u0626\u0648\u0645\u06cc \u0645\u062f\u0644 Redmi A2 Plus (RAM 3) \u0638\u0631\u0641\u06cc\u062a 64GB - \u0622\u0628\u06cc \u0631\u0648\u0634\u0646": {
        "price": "3852450",
        "id": 15953,
        "permalink": "https://alidombe.com/product/%da%af%d9%88%d8%b4%db%8c-%d9%85%d9%88%d8%a8%d8%a7%db%8c%d9%84-%d8%b4%db%8c%d8%a7%d8%a6%d9%88%d9%85%db%8c-%d9%85%d8%af%d9%84-redmi-a2-plus-ram-3-%d8%b8%d8%b1%d9%81%db%8c%d8%aa-64gb-%d8%a2%d8%a8/",
        "site": "panel.eways.co"
    },
    "\u06af\u0648\u0634\u06cc \u0645\u0648\u0628\u0627\u06cc\u0644 \u0622\u0646\u0631 \u0645\u062f\u0644 Honor X8A (RAM 8) \u0638\u0631\u0641\u06cc\u062a 128GB - \u0646\u0642\u0631\u0647 \u0627\u06cc": {
        "price": "8548800",
        "id": 15954,
        "permalink": "https://alidombe.com/product/%da%af%d9%88%d8%b4%db%8c-%d9%85%d9%88%d8%a8%d8%a7%db%8c%d9%84-%d8%a2%d9%86%d8%b1-%d9%85%d8%af%d9%84-honor-x8a-ram-8-%d8%b8%d8%b1%d9%81%db%8c%d8%aa-128gb-%d9%86%d9%82%d8%b1%d9%87-%d8%a7%db%8c/",
        "site": "panel.eways.co"
    },
    "\u06af\u0648\u0634\u06cc \u0645\u0648\u0628\u0627\u06cc\u0644 \u0633\u0627\u0645\u0633\u0648\u0646\u06af \u0645\u062f\u0644 Galaxy S23 Ultra 5G (RAM 12) \u0638\u0631\u0641\u06cc\u062a 256GB - \u0645\u0634\u06a9\u06cc (\u0648\u06cc\u062a\u0646\u0627\u0645)": {
        "price": "49060980",
        "id": 15955,
        "permalink": "https://alidombe.com/product/%da%af%d9%88%d8%b4%db%8c-%d9%85%d9%88%d8%a8%d8%a7%db%8c%d9%84-%d8%b3%d8%a7%d9%85%d8%b3%d9%88%d9%86%da%af-%d9%85%d8%af%d9%84-galaxy-s23-ultra-5g-ram-12-%d8%b8%d8%b1%d9%81%db%8c%d8%aa-256gb-%d9%85/",
        "site": "panel.eways.co"
    },
    "\u06af\u0648\u0634\u06cc \u0645\u0648\u0628\u0627\u06cc\u0644 \u0633\u0627\u0645\u0633\u0648\u0646\u06af \u0645\u062f\u0644 Galaxy A03 Core (RAM2) \u0638\u0631\u0641\u06cc\u062a 32GB-\u0645\u0634\u06a9\u06cc": {
        "price": "3547950",
        "id": 15956,
        "permalink": "https://alidombe.com/product/%da%af%d9%88%d8%b4%db%8c-%d9%85%d9%88%d8%a8%d8%a7%db%8c%d9%84-%d8%b3%d8%a7%d9%85%d8%b3%d9%88%d9%86%da%af-%d9%85%d8%af%d9%84-galaxy-a03-core-ram2-%d8%b8%d8%b1%d9%81%db%8c%d8%aa-32gb-%d9%85%d8%b4/",
        "site": "panel.eways.co"
    },
    "\u06af\u0648\u0634\u06cc \u0645\u0648\u0628\u0627\u06cc\u0644 \u0646\u0648\u06a9\u06cc\u0627 \u0645\u062f\u0644 2022-105 \u062f\u0648 \u0633\u06cc\u0645 \u06a9\u0627\u0631\u062a - \u0630\u063a\u0627\u0644\u06cc - \u0627\u0635\u0644\u06cc (\u0648\u06cc \u062f\u0648\u0633\u0644-FA)": {
        "price": "838950",
        "id": 15957,
        "permalink": "https://alidombe.com/product/%da%af%d9%88%d8%b4%db%8c-%d9%85%d9%88%d8%a8%d8%a7%db%8c%d9%84-%d9%86%d9%88%da%a9%db%8c%d8%a7-%d9%85%d8%af%d9%84-2022-105-%d8%af%d9%88-%d8%b3%db%8c%d9%85-%da%a9%d8%a7%d8%b1%d8%aa-%d8%b0%d8%ba%d8%a7-2/",
        "site": "panel.eways.co"
    },
    "\u06af\u0648\u0634\u06cc \u0645\u0648\u0628\u0627\u06cc\u0644 \u0633\u0627\u0645\u0633\u0648\u0646\u06af \u0645\u062f\u0644 Galaxy A54 5G (RAM 8) \u0638\u0631\u0641\u06cc\u062a 128GB- \u0645\u0634\u06a9\u06cc (\u0648\u06cc\u062a\u0646\u0627\u0645)": {
        "price": "14624970",
        "id": 15958,
        "permalink": "https://alidombe.com/product/%da%af%d9%88%d8%b4%db%8c-%d9%85%d9%88%d8%a8%d8%a7%db%8c%d9%84-%d8%b3%d8%a7%d9%85%d8%b3%d9%88%d9%86%da%af-%d9%85%d8%af%d9%84-galaxy-a54-5g-ram-8-%d8%b8%d8%b1%d9%81%db%8c%d8%aa-128gb-%d9%85%d8%b4/",
        "site": "panel.eways.co"
    },
    "\u06af\u0648\u0634\u06cc \u0645\u0648\u0628\u0627\u06cc\u0644 \u0633\u0627\u0645\u0633\u0648\u0646\u06af \u0645\u062f\u0644 Galaxy S23 Ultra 5G (RAM 12) \u0638\u0631\u0641\u06cc\u062a 256GB - \u0633\u0628\u0632 (\u0648\u06cc\u062a\u0646\u0627\u0645)": {
        "price": "49215000",
        "id": 15959,
        "permalink": "https://alidombe.com/product/%da%af%d9%88%d8%b4%db%8c-%d9%85%d9%88%d8%a8%d8%a7%db%8c%d9%84-%d8%b3%d8%a7%d9%85%d8%b3%d9%88%d9%86%da%af-%d9%85%d8%af%d9%84-galaxy-s23-ultra-5g-ram-12-%d8%b8%d8%b1%d9%81%db%8c%d8%aa-256gb-%d8%b3/",
        "site": "panel.eways.co"
    },
    "\u06af\u0648\u0634\u06cc \u0645\u0648\u0628\u0627\u06cc\u0644 \u0648\u0627\u0646 \u067e\u0644\u0627\u0633 \u0645\u062f\u0644 Nord N100 BE2013 (RAM 4) \u0638\u0631\u0641\u06cc\u062a 64GB - \u0645\u0634\u06a9\u06cc": {
        "price": "4200000",
        "id": 15960,
        "permalink": "https://alidombe.com/product/%da%af%d9%88%d8%b4%db%8c-%d9%85%d9%88%d8%a8%d8%a7%db%8c%d9%84-%d9%88%d8%a7%d9%86-%d9%be%d9%84%d8%a7%d8%b3-%d9%85%d8%af%d9%84-nord-n100-be2013-ram-4-%d8%b8%d8%b1%d9%81%db%8c%d8%aa-64gb-%d9%85%d8%b4/",
        "site": "panel.eways.co"
    },
    "\u06af\u0648\u0634\u06cc \u0645\u0648\u0628\u0627\u06cc\u0644 \u0633\u0627\u0645\u0633\u0648\u0646\u06af \u0645\u062f\u0644 Galaxy A53 5G (RAM 8) \u0638\u0631\u0641\u06cc\u062a 128GB - \u0645\u0634\u06a9\u06cc": {
        "price": "13956500",
        "id": 16145,
        "permalink": "https://alidombe.com/product/%da%af%d9%88%d8%b4%db%8c-%d9%85%d9%88%d8%a8%d8%a7%db%8c%d9%84-%d8%b3%d8%a7%d9%85%d8%b3%d9%88%d9%86%da%af-%d9%85%d8%af%d9%84-galaxy-a53-5g-ram-8-%d8%b8%d8%b1%d9%81%db%8c%d8%aa-128gb-%d9%85%d8%b4/",
        "site": "panel.eways.co"
    },
    "\u06af\u0648\u0634\u06cc \u0645\u0648\u0628\u0627\u06cc\u0644 \u0634\u06cc\u0627\u0626\u0648\u0645\u06cc \u0645\u062f\u0644 Xiaomi 13 Lite 5G (RAM 8) \u0638\u0631\u0641\u06cc\u062a  256GB - \u0645\u0634\u06a9\u06cc": {
        "price": "16274000",
        "id": 16146,
        "permalink": "https://alidombe.com/product/%da%af%d9%88%d8%b4%db%8c-%d9%85%d9%88%d8%a8%d8%a7%db%8c%d9%84-%d8%b4%db%8c%d8%a7%d8%a6%d9%88%d9%85%db%8c-%d9%85%d8%af%d9%84-xiaomi-13-lite-5g-ram-8-%d8%b8%d8%b1%d9%81%db%8c%d8%aa-256gb-%d9%85/",
        "site": "panel.eways.co"
    },
    "\u06af\u0648\u0634\u06cc \u0645\u0648\u0628\u0627\u06cc\u0644 \u0634\u06cc\u0627\u0626\u0648\u0645\u06cc \u0645\u062f\u0644 (Xiaomi 12X 5G (RAM 8 \u0638\u0631\u0641\u06cc\u062a 128GB - \u0622\u0628\u06cc (\u06af\u0627\u0631\u0627\u0646\u062a\u06cc \u062f\u06cc\u062c\u06cc \u0633\u0631\u0648\u06cc\u0633 + \u0628\u06cc\u0645\u0647 \u0627\u06cc\u0631\u0627\u0646)": {
        "price": "14265500",
        "id": 16147,
        "permalink": "https://alidombe.com/product/%da%af%d9%88%d8%b4%db%8c-%d9%85%d9%88%d8%a8%d8%a7%db%8c%d9%84-%d8%b4%db%8c%d8%a7%d8%a6%d9%88%d9%85%db%8c-%d9%85%d8%af%d9%84-xiaomi-12x-5g-ram-8-%d8%b8%d8%b1%d9%81%db%8c%d8%aa-128gb-%d8%a2%d8%a8-2/",
        "site": "panel.eways.co"
    },
    "\u06af\u0648\u0634\u06cc \u0645\u0648\u0628\u0627\u06cc\u0644 \u0633\u0627\u0645\u0633\u0648\u0646\u06af \u0645\u062f\u0644 Galaxy A14 (RAM 4) \u0638\u0631\u0641\u06cc\u062a 64GB - \u0633\u0628\u0632 \u0631\u0648\u0634\u0646 (\u0648\u06cc\u062a\u0646\u0627\u0645)": {
        "price": "5552560",
        "id": 16148,
        "permalink": "https://alidombe.com/product/%da%af%d9%88%d8%b4%db%8c-%d9%85%d9%88%d8%a8%d8%a7%db%8c%d9%84-%d8%b3%d8%a7%d9%85%d8%b3%d9%88%d9%86%da%af-%d9%85%d8%af%d9%84-galaxy-a14-ram-4-%d8%b8%d8%b1%d9%81%db%8c%d8%aa-64gb-%d8%b3%d8%a8%d8%b2/",
        "site": "panel.eways.co"
    },
    "\u06af\u0648\u0634\u06cc \u0645\u0648\u0628\u0627\u06cc\u0644 \u0633\u0627\u0645\u0633\u0648\u0646\u06af \u0645\u062f\u0644 Galaxy A54 5G (RAM 8) \u0638\u0631\u0641\u06cc\u062a 256GB - \u0645\u0634\u06a9\u06cc": {
        "price": "15139970",
        "id": 16149,
        "permalink": "https://alidombe.com/product/%da%af%d9%88%d8%b4%db%8c-%d9%85%d9%88%d8%a8%d8%a7%db%8c%d9%84-%d8%b3%d8%a7%d9%85%d8%b3%d9%88%d9%86%da%af-%d9%85%d8%af%d9%84-galaxy-a54-5g-ram-8-%d8%b8%d8%b1%d9%81%db%8c%d8%aa-256gb-%d9%85%d8%b4/",
        "site": "panel.eways.co"
    },
    "\u06af\u0648\u0634\u06cc \u0645\u0648\u0628\u0627\u06cc\u0644 \u0633\u0627\u0645\u0633\u0648\u0646\u06af \u0645\u062f\u0644 (RAM 8)Galaxy S21 FE 5G \u0638\u0631\u0641\u06cc\u062a 256GB-\u062e\u0627\u06a9\u0633\u062a\u0631\u06cc": {
        "price": "17920970",
        "id": 16150,
        "permalink": "https://alidombe.com/product/%da%af%d9%88%d8%b4%db%8c-%d9%85%d9%88%d8%a8%d8%a7%db%8c%d9%84-%d8%b3%d8%a7%d9%85%d8%b3%d9%88%d9%86%da%af-%d9%85%d8%af%d9%84-ram-8galaxy-s21-fe-5g-%d8%b8%d8%b1%d9%81%db%8c%d8%aa-256gb-%d8%ae%d8%a7-4/",
        "site": "panel.eways.co"
    },
    "\u06af\u0648\u0634\u06cc \u0645\u0648\u0628\u0627\u06cc\u0644 \u0633\u0627\u0645\u0633\u0648\u0646\u06af \u0645\u062f\u0644 Galaxy A54 5G (RAM 8) \u0638\u0631\u0641\u06cc\u062a 128GB - \u0633\u0628\u0632 (\u0648\u06cc\u062a\u0646\u0627\u0645)": {
        "price": "14604370",
        "id": 16151,
        "permalink": "https://alidombe.com/product/%da%af%d9%88%d8%b4%db%8c-%d9%85%d9%88%d8%a8%d8%a7%db%8c%d9%84-%d8%b3%d8%a7%d9%85%d8%b3%d9%88%d9%86%da%af-%d9%85%d8%af%d9%84-galaxy-a54-5g-ram-8-%d8%b8%d8%b1%d9%81%db%8c%d8%aa-128gb-%d8%b3%d8%a8-3/",
        "site": "panel.eways.co"
    },
    "\u06af\u0648\u0634\u06cc \u0645\u0648\u0628\u0627\u06cc\u0644 \u0633\u0627\u0645\u0633\u0648\u0646\u06af \u0645\u062f\u0644 Galaxy A54 5G (RAM 8) \u0638\u0631\u0641\u06cc\u062a 128GB - \u0645\u0634\u06a9\u06cc": {
        "price": "14315970",
        "id": 16152,
        "permalink": "https://alidombe.com/product/%da%af%d9%88%d8%b4%db%8c-%d9%85%d9%88%d8%a8%d8%a7%db%8c%d9%84-%d8%b3%d8%a7%d9%85%d8%b3%d9%88%d9%86%da%af-%d9%85%d8%af%d9%84-galaxy-a54-5g-ram-8-%d8%b8%d8%b1%d9%81%db%8c%d8%aa-128gb-%d9%85%d8%b4-2/",
        "site": "panel.eways.co"
    },
    "\u06af\u0648\u0634\u06cc \u0645\u0648\u0628\u0627\u06cc\u0644 \u0633\u0627\u0645\u0633\u0648\u0646\u06af \u0645\u062f\u0644 Galaxy A14 (RAM 4) \u0638\u0631\u0641\u06cc\u062a 64GB - \u0646\u0642\u0631\u0647 \u0627\u06cc (\u0648\u06cc\u062a\u0646\u0627\u0645)": {
        "price": "5635760",
        "id": 16153,
        "permalink": "https://alidombe.com/product/%da%af%d9%88%d8%b4%db%8c-%d9%85%d9%88%d8%a8%d8%a7%db%8c%d9%84-%d8%b3%d8%a7%d9%85%d8%b3%d9%88%d9%86%da%af-%d9%85%d8%af%d9%84-galaxy-a14-ram-4-%d8%b8%d8%b1%d9%81%db%8c%d8%aa-64gb-%d9%86%d9%82%d8%b1/",
        "site": "panel.eways.co"
    },
    "\u06af\u0648\u0634\u06cc \u0645\u0648\u0628\u0627\u06cc\u0644 \u0646\u0648\u06a9\u06cc\u0627 \u0645\u062f\u0644 125-2020 \u062f\u0648 \u0633\u06cc\u0645 \u06a9\u0627\u0631\u062a - \u0633\u0641\u06cc\u062f - \u0627\u0635\u0644\u06cc (\u0648\u06cc \u062f\u0648 \u0633\u0644-FA)": {
        "price": "1164450",
        "id": 16154,
        "permalink": "https://alidombe.com/product/%da%af%d9%88%d8%b4%db%8c-%d9%85%d9%88%d8%a8%d8%a7%db%8c%d9%84-%d9%86%d9%88%da%a9%db%8c%d8%a7-%d9%85%d8%af%d9%84-125-2020-%d8%af%d9%88-%d8%b3%db%8c%d9%85-%da%a9%d8%a7%d8%b1%d8%aa-%d8%b3%d9%81%db%8c-2/",
        "site": "panel.eways.co"
    },
    "\u06af\u0648\u0634\u06cc \u0645\u0648\u0628\u0627\u06cc\u0644 \u0634\u06cc\u0627\u0626\u0648\u0645\u06cc \u0645\u062f\u0644 (Xiaomi 12 Lite 5G (RAM 8 \u0638\u0631\u0641\u06cc\u062a 256GB - \u0645\u0634\u06a9\u06cc": {
        "price": "13388970",
        "id": 16155,
        "permalink": "https://alidombe.com/product/%da%af%d9%88%d8%b4%db%8c-%d9%85%d9%88%d8%a8%d8%a7%db%8c%d9%84-%d8%b4%db%8c%d8%a7%d8%a6%d9%88%d9%85%db%8c-%d9%85%d8%af%d9%84-xiaomi-12-lite-5g-ram-8-%d8%b8%d8%b1%d9%81%db%8c%d8%aa-256gb-%d9%85-2/",
        "site": "panel.eways.co"
    },
    "\u06af\u0648\u0634\u06cc \u0645\u0648\u0628\u0627\u06cc\u0644 \u0633\u0627\u0645\u0633\u0648\u0646\u06af \u0645\u062f\u0644 Galaxy A03 Core (RAM2) \u0638\u0631\u0641\u06cc\u062a 32GB - \u0628\u0631\u0646\u0632": {
        "price": "3516450",
        "id": 16156,
        "permalink": "https://alidombe.com/product/%da%af%d9%88%d8%b4%db%8c-%d9%85%d9%88%d8%a8%d8%a7%db%8c%d9%84-%d8%b3%d8%a7%d9%85%d8%b3%d9%88%d9%86%da%af-%d9%85%d8%af%d9%84-galaxy-a03-core-ram2-%d8%b8%d8%b1%d9%81%db%8c%d8%aa-32gb-%d8%a8%d8%b1/",
        "site": "panel.eways.co"
    },
    "\u06af\u0648\u0634\u06cc \u0645\u0648\u0628\u0627\u06cc\u0644 \u0634\u06cc\u0627\u0626\u0648\u0645\u06cc \u0645\u062f\u0644 Poco F5 Pro 5G (RAM 12) \u0638\u0631\u0641\u06cc\u062a 512GB - \u0645\u0634\u06a9\u06cc": {
        "price": "23968980",
        "id": 16157,
        "permalink": "https://alidombe.com/product/%da%af%d9%88%d8%b4%db%8c-%d9%85%d9%88%d8%a8%d8%a7%db%8c%d9%84-%d8%b4%db%8c%d8%a7%d8%a6%d9%88%d9%85%db%8c-%d9%85%d8%af%d9%84-poco-f5-pro-5g-ram-12-%d8%b8%d8%b1%d9%81%db%8c%d8%aa-512gb-%d9%85%d8%b4/",
        "site": "panel.eways.co"
    },
    "\u06af\u0648\u0634\u06cc \u0645\u0648\u0628\u0627\u06cc\u0644 \u0633\u0627\u0645\u0633\u0648\u0646\u06af \u0645\u062f\u0644 Galaxy A23 (RAM 4) \u0638\u0631\u0641\u06cc\u062a 64GB - \u0645\u0634\u06a9\u06cc (\u0648\u06cc\u062a\u0646\u0627\u0645)": {
        "price": "7684560",
        "id": 16158,
        "permalink": "https://alidombe.com/product/%da%af%d9%88%d8%b4%db%8c-%d9%85%d9%88%d8%a8%d8%a7%db%8c%d9%84-%d8%b3%d8%a7%d9%85%d8%b3%d9%88%d9%86%da%af-%d9%85%d8%af%d9%84-galaxy-a23-ram-4-%d8%b8%d8%b1%d9%81%db%8c%d8%aa-64gb-%d9%85%d8%b4%da%a9/",
        "site": "panel.eways.co"
    },
    "\u06af\u0648\u0634\u06cc \u0645\u0648\u0628\u0627\u06cc\u0644 \u0633\u0627\u0645\u0633\u0648\u0646\u06af \u0645\u062f\u0644 Galaxy A34 5G (RAM 8) \u0638\u0631\u0641\u06cc\u062a 128GB- \u0633\u0628\u0632 (\u0648\u06cc\u062a\u0646\u0627\u0645)": {
        "price": "12461970",
        "id": 16159,
        "permalink": "https://alidombe.com/product/%da%af%d9%88%d8%b4%db%8c-%d9%85%d9%88%d8%a8%d8%a7%db%8c%d9%84-%d8%b3%d8%a7%d9%85%d8%b3%d9%88%d9%86%da%af-%d9%85%d8%af%d9%84-galaxy-a34-5g-ram-8-%d8%b8%d8%b1%d9%81%db%8c%d8%aa-128gb-%d8%b3%d8%a8/",
        "site": "panel.eways.co"
    },
    "\u06af\u0648\u0634\u06cc \u0645\u0648\u0628\u0627\u06cc\u0644 \u0634\u06cc\u0627\u0626\u0648\u0645\u06cc \u0645\u062f\u0644 (8 Redmi Note 12 (RAM \u0638\u0631\u0641\u06cc\u062a 256GB - \u062e\u0627\u06a9\u0633\u062a\u0631\u06cc": {
        "price": "8734960",
        "id": 16160,
        "permalink": "https://alidombe.com/product/%da%af%d9%88%d8%b4%db%8c-%d9%85%d9%88%d8%a8%d8%a7%db%8c%d9%84-%d8%b4%db%8c%d8%a7%d8%a6%d9%88%d9%85%db%8c-%d9%85%d8%af%d9%84-8-redmi-note-12-ram-%d8%b8%d8%b1%d9%81%db%8c%d8%aa-256gb-%d8%ae%d8%a7/",
        "site": "panel.eways.co"
    },
    "\u06af\u0648\u0634\u06cc \u0645\u0648\u0628\u0627\u06cc\u0644 \u0633\u0627\u0645\u0633\u0648\u0646\u06af \u0645\u062f\u0644 Galaxy Z Fold5 5G (RAM 12) \u0638\u0631\u0641\u06cc\u062a 256GB - \u0645\u0634\u06a9\u06cc (\u0648\u06cc\u062a\u0646\u0627\u0645)": {
        "price": "86596982",
        "id": 16161,
        "permalink": "https://alidombe.com/product/%da%af%d9%88%d8%b4%db%8c-%d9%85%d9%88%d8%a8%d8%a7%db%8c%d9%84-%d8%b3%d8%a7%d9%85%d8%b3%d9%88%d9%86%da%af-%d9%85%d8%af%d9%84-galaxy-z-fold5-5g-ram-12-%d8%b8%d8%b1%d9%81%db%8c%d8%aa-256gb-%d9%85/",
        "site": "panel.eways.co"
    },
    "\u06af\u0648\u0634\u06cc \u0645\u0648\u0628\u0627\u06cc\u0644 \u0646\u0648\u06a9\u06cc\u0627 \u0645\u062f\u0644 105-2019 \u062f\u0648 \u0633\u06cc\u0645 \u06a9\u0627\u0631\u062a - \u0645\u0634\u06a9\u06cc - \u0627\u0635\u0644\u06cc (\u0648\u06cc \u062f\u0648 \u0633\u0644-FA)": {
        "price": "875700",
        "id": 16162,
        "permalink": "https://alidombe.com/product/%da%af%d9%88%d8%b4%db%8c-%d9%85%d9%88%d8%a8%d8%a7%db%8c%d9%84-%d9%86%d9%88%da%a9%db%8c%d8%a7-%d9%85%d8%af%d9%84-105-2019-%d8%af%d9%88-%d8%b3%db%8c%d9%85-%da%a9%d8%a7%d8%b1%d8%aa-%d9%85%d8%b4%da%a9-22/",
        "site": "panel.eways.co"
    }
}