{
    "\u0633\u0627\u0645\u0633\u0648\u0646\u06af 8 \u0634\u0647\u0631\u06cc\u0648\u0631": {
        "price": "104633643",
        "id": 15963,
        "permalink": "https://alidombe.com/product/%d8%b3%d8%a7%d9%85%d8%b3%d9%88%d9%86%da%af-8-%d8%b4%d9%87%d8%b1%db%8c%d9%88%d8%b1/",
        "site": "panel.eways.co"
    },
    "\u06af\u0648\u0634\u06cc \u0645\u0648\u0628\u0627\u06cc\u0644 \u0622\u0646\u0631 \u0645\u062f\u0644 Honor X8 (RAM 6) \u0638\u0631\u0641\u06cc\u062a 128GB - \u0622\u0628\u06cc \u0627\u0642\u06cc\u0627\u0646\u0648\u0633\u06cc": {
        "price": "8287760",
        "id": 15964,
        "permalink": "https://alidombe.com/product/%da%af%d9%88%d8%b4%db%8c-%d9%85%d9%88%d8%a8%d8%a7%db%8c%d9%84-%d8%a2%d9%86%d8%b1-%d9%85%d8%af%d9%84-honor-x8-ram-6-%d8%b8%d8%b1%d9%81%db%8c%d8%aa-128gb-%d8%a2%d8%a8%db%8c-%d8%a7%d9%82%db%8c%d8%a7-4/",
        "site": "panel.eways.co"
    },
    "\u06af\u0648\u0634\u06cc \u0645\u0648\u0628\u0627\u06cc\u0644 \u0633\u0627\u0645\u0633\u0648\u0646\u06af \u0645\u062f\u0644 Galaxy S22 5G (RAM 8) \u0638\u0631\u0641\u06cc\u062a 256GB - \u0645\u0634\u06a9\u06cc": {
        "price": "30753000",
        "id": 15965,
        "permalink": "https://alidombe.com/product/%da%af%d9%88%d8%b4%db%8c-%d9%85%d9%88%d8%a8%d8%a7%db%8c%d9%84-%d8%b3%d8%a7%d9%85%d8%b3%d9%88%d9%86%da%af-%d9%85%d8%af%d9%84-galaxy-s22-5g-ram-8-%d8%b8%d8%b1%d9%81%db%8c%d8%aa-256gb-%d9%85%d8%b4-5/",
        "site": "panel.eways.co"
    },
    "\u06af\u0648\u0634\u06cc \u0645\u0648\u0628\u0627\u06cc\u0644 \u0622\u0646\u0631 \u0645\u062f\u0644 Honor X8 (RAM 6) \u0638\u0631\u0641\u06cc\u062a 128GB - \u0646\u0642\u0631\u0647 \u0627\u06cc": {
        "price": "8164000",
        "id": 15966,
        "permalink": "https://alidombe.com/product/%da%af%d9%88%d8%b4%db%8c-%d9%85%d9%88%d8%a8%d8%a7%db%8c%d9%84-%d8%a2%d9%86%d8%b1-%d9%85%d8%af%d9%84-honor-x8-ram-6-%d8%b8%d8%b1%d9%81%db%8c%d8%aa-128gb-%d9%86%d9%82%d8%b1%d9%87-%d8%a7%db%8c-4/",
        "site": "panel.eways.co"
    },
    "\u06af\u0648\u0634\u06cc \u0645\u0648\u0628\u0627\u06cc\u0644 \u0646\u0648\u06a9\u06cc\u0627 \u0645\u062f\u0644 (C21 (RAM2 \u0628\u0627 \u0638\u0631\u0641\u06cc\u062a 32 \u06af\u06cc\u06af\u0627\u0628\u0627\u06cc\u062a - \u062e\u0627\u06a9\u0633\u062a\u0631\u06cc - \u0627\u0635\u0644\u06cc (\u0648\u06cc \u062f\u0648 \u0633\u0644-FA)": {
        "price": "3043950",
        "id": 15967,
        "permalink": "https://alidombe.com/product/%da%af%d9%88%d8%b4%db%8c-%d9%85%d9%88%d8%a8%d8%a7%db%8c%d9%84-%d9%86%d9%88%da%a9%db%8c%d8%a7-%d9%85%d8%af%d9%84-c21-ram2-%d8%a8%d8%a7-%d8%b8%d8%b1%d9%81%db%8c%d8%aa-32-%da%af%db%8c%da%af%d8%a7%d8%a8-5/",
        "site": "panel.eways.co"
    },
    "\u06af\u0648\u0634\u06cc \u0645\u0648\u0628\u0627\u06cc\u0644 \u0622\u0646\u0631 \u0645\u062f\u0644 Honor X8 (RAM 6) \u0638\u0631\u0641\u06cc\u062a 128GB - \u0645\u0634\u06a9\u06cc": {
        "price": "8287760",
        "id": 15968,
        "permalink": "https://alidombe.com/product/%da%af%d9%88%d8%b4%db%8c-%d9%85%d9%88%d8%a8%d8%a7%db%8c%d9%84-%d8%a2%d9%86%d8%b1-%d9%85%d8%af%d9%84-honor-x8-ram-6-%d8%b8%d8%b1%d9%81%db%8c%d8%aa-128gb-%d9%85%d8%b4%da%a9%db%8c-4/",
        "site": "panel.eways.co"
    },
    "\u06af\u0648\u0634\u06cc \u0645\u0648\u0628\u0627\u06cc\u0644 \u0648\u06cc\u06a9\u0648 \u0645\u062f\u0644 T50 (RAM 6) \u0638\u0631\u0641\u06cc\u062a 128GB - \u0633\u0628\u0632 \u0628\u0647 \u0647\u0645\u0631\u0627\u0647 \u06af\u0644\u0633 \u0647\u062f\u06cc\u0647": {
        "price": "6374160",
        "id": 15969,
        "permalink": "https://alidombe.com/product/%da%af%d9%88%d8%b4%db%8c-%d9%85%d9%88%d8%a8%d8%a7%db%8c%d9%84-%d9%88%db%8c%da%a9%d9%88-%d9%85%d8%af%d9%84-t50-ram-6-%d8%b8%d8%b1%d9%81%db%8c%d8%aa-128gb-%d8%b3%d8%a8%d8%b2-%d8%a8%d9%87-%d9%87/",
        "site": "panel.eways.co"
    },
    "\u06af\u0648\u0634\u06cc \u0645\u0648\u0628\u0627\u06cc\u0644 \u0646\u0648\u06a9\u06cc\u0627 \u0645\u062f\u0644 Xpress Audio 5710 \u062f\u0648 \u0633\u06cc\u0645 \u06a9\u0627\u0631\u062a \u0628\u0627 \u0638\u0631\u0641\u06cc\u062a 128MB - \u0633\u0641\u06cc\u062f - \u0627\u0635\u0644\u06cc (\u0648\u06cc \u062f\u0648 \u0633\u0644-FA)": {
        "price": "2917950",
        "id": 15970,
        "permalink": "https://alidombe.com/product/%da%af%d9%88%d8%b4%db%8c-%d9%85%d9%88%d8%a8%d8%a7%db%8c%d9%84-%d9%86%d9%88%da%a9%db%8c%d8%a7-%d9%85%d8%af%d9%84-xpress-audio-5710-%d8%af%d9%88-%d8%b3%db%8c%d9%85-%da%a9%d8%a7%d8%b1%d8%aa-%d8%a8-5/",
        "site": "panel.eways.co"
    },
    "\u06af\u0648\u0634\u06cc \u0645\u0648\u0628\u0627\u06cc\u0644 \u0631\u06cc\u0644\u0645\u06cc \u0645\u062f\u0644 (C35 (RAM 4 \u0638\u0631\u0641\u06cc\u062a 128GB - \u0645\u0634\u06a9\u06cc (\u0647\u0645\u0631\u0627\u0647 \u0642\u0627\u0628 \u0648 \u06af\u0644\u0633 \u0647\u062f\u06cc\u0647)": {
        "price": "5926960",
        "id": 15971,
        "permalink": "https://alidombe.com/product/%da%af%d9%88%d8%b4%db%8c-%d9%85%d9%88%d8%a8%d8%a7%db%8c%d9%84-%d8%b1%db%8c%d9%84%d9%85%db%8c-%d9%85%d8%af%d9%84-c35-ram-4-%d8%b8%d8%b1%d9%81%db%8c%d8%aa-128gb-%d9%85%d8%b4%da%a9%db%8c-%d9%87/",
        "site": "panel.eways.co"
    },
    "\u06af\u0648\u0634\u06cc \u0645\u0648\u0628\u0627\u06cc\u0644 \u062f\u0648\u062c\u06cc \u0645\u062f\u0644 N30 (RAM 4) \u0638\u0631\u0641\u06cc\u062a 128GB - \u0633\u0641\u06cc\u062f": {
        "price": "4095000",
        "id": 15972,
        "permalink": "https://alidombe.com/product/%da%af%d9%88%d8%b4%db%8c-%d9%85%d9%88%d8%a8%d8%a7%db%8c%d9%84-%d8%af%d9%88%d8%ac%db%8c-%d9%85%d8%af%d9%84-n30-ram-4-%d8%b8%d8%b1%d9%81%db%8c%d8%aa-128gb-%d8%b3%d9%81%db%8c%d8%af/",
        "site": "panel.eways.co"
    },
    "\u06af\u0648\u0634\u06cc \u0645\u0648\u0628\u0627\u06cc\u0644 \u0622\u0646\u0631 \u0645\u062f\u0644 Honor X7 (RAM 6) \u0638\u0631\u0641\u06cc\u062a 128GB - \u0645\u0634\u06a9\u06cc": {
        "price": "8256560",
        "id": 15973,
        "permalink": "https://alidombe.com/product/%da%af%d9%88%d8%b4%db%8c-%d9%85%d9%88%d8%a8%d8%a7%db%8c%d9%84-%d8%a2%d9%86%d8%b1-%d9%85%d8%af%d9%84-honor-x7-ram-6-%d8%b8%d8%b1%d9%81%db%8c%d8%aa-128gb-%d9%85%d8%b4%da%a9%db%8c/",
        "site": "panel.eways.co"
    },
    "\u06af\u0648\u0634\u06cc \u0645\u0648\u0628\u0627\u06cc\u0644 \u0646\u0648\u06a9\u06cc\u0627 \u0645\u062f\u0644 2660 Flip \u062f\u0648 \u0633\u06cc\u0645 \u06a9\u0627\u0631\u062a - \u0622\u0628\u06cc - \u0627\u0635\u0644\u06cc (\u0633\u0627\u0645\u062a\u0644-FA)": {
        "price": "2760450",
        "id": 15974,
        "permalink": "https://alidombe.com/product/%da%af%d9%88%d8%b4%db%8c-%d9%85%d9%88%d8%a8%d8%a7%db%8c%d9%84-%d9%86%d9%88%da%a9%db%8c%d8%a7-%d9%85%d8%af%d9%84-2660-flip-%d8%af%d9%88-%d8%b3%db%8c%d9%85-%da%a9%d8%a7%d8%b1%d8%aa-%d8%a2%d8%a8%db%8c/",
        "site": "panel.eways.co"
    },
    "\u06af\u0648\u0634\u06cc \u0645\u0648\u0628\u0627\u06cc\u0644 \u0646\u0648\u06a9\u06cc\u0627 \u0645\u062f\u0644 Xpress Audio 5710 \u062f\u0648 \u0633\u06cc\u0645 \u06a9\u0627\u0631\u062a \u0628\u0627 \u0638\u0631\u0641\u06cc\u062a 128MB - \u0645\u0634\u06a9\u06cc - \u0627\u0635\u0644\u06cc (\u0648\u06cc \u062f\u0648 \u0633\u0644-FA)": {
        "price": "2917950",
        "id": 15975,
        "permalink": "https://alidombe.com/product/%da%af%d9%88%d8%b4%db%8c-%d9%85%d9%88%d8%a8%d8%a7%db%8c%d9%84-%d9%86%d9%88%da%a9%db%8c%d8%a7-%d9%85%d8%af%d9%84-xpress-audio-5710-%d8%af%d9%88-%d8%b3%db%8c%d9%85-%da%a9%d8%a7%d8%b1%d8%aa-%d8%a8-6/",
        "site": "panel.eways.co"
    },
    "\u06af\u0648\u0634\u06cc \u0645\u0648\u0628\u0627\u06cc\u0644 \u0648\u06cc\u06a9\u0648 \u0645\u062f\u0644 T10 (RAM 2) \u0638\u0631\u0641\u06cc\u062a 64GB - \u0633\u0628\u0632 \u0628\u0647 \u0647\u0645\u0631\u0627\u0647 \u06af\u0644\u0633 \u0647\u062f\u06cc\u0647": {
        "price": "3354750",
        "id": 15976,
        "permalink": "https://alidombe.com/product/%da%af%d9%88%d8%b4%db%8c-%d9%85%d9%88%d8%a8%d8%a7%db%8c%d9%84-%d9%88%db%8c%da%a9%d9%88-%d9%85%d8%af%d9%84-t10-ram-2-%d8%b8%d8%b1%d9%81%db%8c%d8%aa-64gb-%d8%b3%d8%a8%d8%b2-%d8%a8%d9%87-%d9%87%d9%85-2/",
        "site": "panel.eways.co"
    },
    "\u06af\u0648\u0634\u06cc \u0645\u0648\u0628\u0627\u06cc\u0644 \u0627\u067e\u0644 \u0645\u062f\u0644 iPhone 13 Pro Max Non Active AAA \u0638\u0631\u0641\u06cc\u062a 1TB - \u0633\u0628\u0632 (\u062a\u06a9 \u0633\u06cc\u0645 \u06a9\u0627\u0631\u062a)": {
        "price": "88842000",
        "id": 15977,
        "permalink": "https://alidombe.com/product/%da%af%d9%88%d8%b4%db%8c-%d9%85%d9%88%d8%a8%d8%a7%db%8c%d9%84-%d8%a7%d9%be%d9%84-%d9%85%d8%af%d9%84-iphone-13-pro-max-non-active-aaa-%d8%b8%d8%b1%d9%81%db%8c%d8%aa-1tb-%d8%b3%d8%a8%d8%b2-%d8%aa-2/",
        "site": "panel.eways.co"
    },
    "\u06af\u0648\u0634\u06cc \u0645\u0648\u0628\u0627\u06cc\u0644 \u0631\u06cc\u0644\u0645\u06cc \u0645\u062f\u0644 Realme 7 5G (RAM 8) \u0638\u0631\u0641\u06cc\u062a 128GB - \u0622\u0628\u06cc": {
        "price": "7228000",
        "id": 15978,
        "permalink": "https://alidombe.com/product/%da%af%d9%88%d8%b4%db%8c-%d9%85%d9%88%d8%a8%d8%a7%db%8c%d9%84-%d8%b1%db%8c%d9%84%d9%85%db%8c-%d9%85%d8%af%d9%84-realme-7-5g-ram-8-%d8%b8%d8%b1%d9%81%db%8c%d8%aa-128gb-%d8%a2%d8%a8%db%8c/",
        "site": "panel.eways.co"
    },
    "\u06af\u0648\u0634\u06cc \u0645\u0648\u0628\u0627\u06cc\u0644 \u062f\u0648\u062c\u06cc \u0645\u062f\u0644 N30 (RAM 4) \u0638\u0631\u0641\u06cc\u062a 128GB - \u0645\u0634\u06a9\u06cc": {
        "price": "4095000",
        "id": 15979,
        "permalink": "https://alidombe.com/product/%da%af%d9%88%d8%b4%db%8c-%d9%85%d9%88%d8%a8%d8%a7%db%8c%d9%84-%d8%af%d9%88%d8%ac%db%8c-%d9%85%d8%af%d9%84-n30-ram-4-%d8%b8%d8%b1%d9%81%db%8c%d8%aa-128gb-%d9%85%d8%b4%da%a9%db%8c/",
        "site": "panel.eways.co"
    },
    "\u06af\u0648\u0634\u06cc \u0645\u0648\u0628\u0627\u06cc\u0644 \u0648\u06cc\u06a9\u0648 \u0645\u062f\u0644 T10 (RAM 2) \u0638\u0631\u0641\u06cc\u062a 64GB - \u0645\u0634\u06a9\u06cc \u0628\u0647 \u0647\u0645\u0631\u0627\u0647 \u06af\u0644\u0633 \u0647\u062f\u06cc\u0647": {
        "price": "3354750",
        "id": 15980,
        "permalink": "https://alidombe.com/product/%da%af%d9%88%d8%b4%db%8c-%d9%85%d9%88%d8%a8%d8%a7%db%8c%d9%84-%d9%88%db%8c%da%a9%d9%88-%d9%85%d8%af%d9%84-t10-ram-2-%d8%b8%d8%b1%d9%81%db%8c%d8%aa-64gb-%d9%85%d8%b4%da%a9%db%8c-%d8%a8%d9%87-%d9%87/",
        "site": "panel.eways.co"
    },
    "\u06af\u0648\u0634\u06cc \u0645\u0648\u0628\u0627\u06cc\u0644 \u0622\u0646\u0631 \u0645\u062f\u0644 Honor X9A 5G (RAM 8) \u0638\u0631\u0641\u06cc\u062a 256GB - \u0645\u0634\u06a9\u06cc": {
        "price": "13564070",
        "id": 15981,
        "permalink": "https://alidombe.com/product/%da%af%d9%88%d8%b4%db%8c-%d9%85%d9%88%d8%a8%d8%a7%db%8c%d9%84-%d8%a2%d9%86%d8%b1-%d9%85%d8%af%d9%84-honor-x9a-5g-ram-8-%d8%b8%d8%b1%d9%81%db%8c%d8%aa-256gb-%d9%85%d8%b4%da%a9%db%8c/",
        "site": "panel.eways.co"
    },
    "\u06af\u0648\u0634\u06cc \u0645\u0648\u0628\u0627\u06cc\u0644 \u0633\u0627\u0645\u0633\u0648\u0646\u06af \u0645\u062f\u0644 Galaxy A54 5G (RAM 8) \u0638\u0631\u0641\u06cc\u062a 128GB - \u0633\u0628\u0632": {
        "price": "14367470",
        "id": 15982,
        "permalink": "https://alidombe.com/product/%da%af%d9%88%d8%b4%db%8c-%d9%85%d9%88%d8%a8%d8%a7%db%8c%d9%84-%d8%b3%d8%a7%d9%85%d8%b3%d9%88%d9%86%da%af-%d9%85%d8%af%d9%84-galaxy-a54-5g-ram-8-%d8%b8%d8%b1%d9%81%db%8c%d8%aa-128gb-%d8%b3%d8%a8-2/",
        "site": "panel.eways.co"
    },
    "\u06af\u0648\u0634\u06cc \u0645\u0648\u0628\u0627\u06cc\u0644 \u0628\u0644\u06a9 \u0628\u0631\u06cc \u0645\u062f\u0644 (Evolve BBG100-1 (RAM 4 \u0638\u0631\u0641\u06cc\u062a 64GB - \u0645\u0634\u06a9\u06cc": {
        "price": "6167200",
        "id": 15983,
        "permalink": "https://alidombe.com/product/%da%af%d9%88%d8%b4%db%8c-%d9%85%d9%88%d8%a8%d8%a7%db%8c%d9%84-%d8%a8%d9%84%da%a9-%d8%a8%d8%b1%db%8c-%d9%85%d8%af%d9%84-evolve-bbg100-1-ram-4-%d8%b8%d8%b1%d9%81%db%8c%d8%aa-64gb-%d9%85%d8%b4%da%a9/",
        "site": "panel.eways.co"
    },
    "\u06af\u0648\u0634\u06cc \u0645\u0648\u0628\u0627\u06cc\u0644 \u0647\u0627\u06cc\u0633\u0646\u0633 \u0645\u062f\u0644 H50 HLTE322E (RAM 6) \u0638\u0631\u0641\u06cc\u062a 128GB -  \u0622\u0628\u06cc \u0645\u0634\u06a9\u06cc": {
        "price": "5365360",
        "id": 15984,
        "permalink": "https://alidombe.com/product/%da%af%d9%88%d8%b4%db%8c-%d9%85%d9%88%d8%a8%d8%a7%db%8c%d9%84-%d9%87%d8%a7%db%8c%d8%b3%d9%86%d8%b3-%d9%85%d8%af%d9%84-h50-hlte322e-ram-6-%d8%b8%d8%b1%d9%81%db%8c%d8%aa-128gb-%d8%a2%d8%a8%db%8c/",
        "site": "panel.eways.co"
    },
    "\u06af\u0648\u0634\u06cc \u0645\u0648\u0628\u0627\u06cc\u0644 \u0631\u06cc\u0644\u0645\u06cc \u0645\u062f\u0644 (Realme 9 5G (RAM 6 \u0638\u0631\u0641\u06cc\u062a 128GB - \u0645\u0634\u06a9\u06cc": {
        "price": "8339760",
        "id": 15985,
        "permalink": "https://alidombe.com/product/%da%af%d9%88%d8%b4%db%8c-%d9%85%d9%88%d8%a8%d8%a7%db%8c%d9%84-%d8%b1%db%8c%d9%84%d9%85%db%8c-%d9%85%d8%af%d9%84-realme-9-5g-ram-6-%d8%b8%d8%b1%d9%81%db%8c%d8%aa-128gb-%d9%85%d8%b4%da%a9%db%8c/",
        "site": "panel.eways.co"
    },
    "\u06af\u0648\u0634\u06cc \u0645\u0648\u0628\u0627\u06cc\u0644 \u0622\u0646\u0631 \u0645\u062f\u0644 Honor X9A 5G (RAM 8) \u0638\u0631\u0641\u06cc\u062a 256GB - \u0646\u0642\u0631\u0647 \u0627\u06cc": {
        "price": "13544500",
        "id": 15986,
        "permalink": "https://alidombe.com/product/%da%af%d9%88%d8%b4%db%8c-%d9%85%d9%88%d8%a8%d8%a7%db%8c%d9%84-%d8%a2%d9%86%d8%b1-%d9%85%d8%af%d9%84-honor-x9a-5g-ram-8-%d8%b8%d8%b1%d9%81%db%8c%d8%aa-256gb-%d9%86%d9%82%d8%b1%d9%87-%d8%a7%db%8c-2/",
        "site": "panel.eways.co"
    },
    "\u0633\u0627\u0645\u0633\u0648\u0646\u06af 11 \u0634\u0647\u0631\u06cc\u0648\u0631": {
        "price": "85184277",
        "id": 16104,
        "permalink": "https://alidombe.com/product/%d8%b3%d8%a7%d9%85%d8%b3%d9%88%d9%86%da%af-11-%d8%b4%d9%87%d8%b1%db%8c%d9%88%d8%b1/",
        "site": "panel.eways.co"
    },
    "\u06af\u0648\u0634\u06cc \u0645\u0648\u0628\u0627\u06cc\u0644 \u0634\u06cc\u0627\u0626\u0648\u0645\u06cc \u0645\u062f\u0644 Redmi Note 10 5G (RAM 6) \u0638\u0631\u0641\u06cc\u062a 128GB - \u0633\u0628\u0632": {
        "price": "7174960",
        "id": 16105,
        "permalink": "https://alidombe.com/product/%da%af%d9%88%d8%b4%db%8c-%d9%85%d9%88%d8%a8%d8%a7%db%8c%d9%84-%d8%b4%db%8c%d8%a7%d8%a6%d9%88%d9%85%db%8c-%d9%85%d8%af%d9%84-redmi-note-10-5g-ram-6-%d8%b8%d8%b1%d9%81%db%8c%d8%aa-128gb-%d8%b3%d8%a8/",
        "site": "panel.eways.co"
    },
    "\u06af\u0648\u0634\u06cc \u0645\u0648\u0628\u0627\u06cc\u0644 \u0631\u06cc\u0644\u0645\u06cc \u0645\u062f\u0644 (C35 (RAM 4 \u0638\u0631\u0641\u06cc\u062a 128GB - \u0633\u0628\u0632 (\u0647\u0645\u0631\u0627\u0647 \u0642\u0627\u0628 \u0648 \u06af\u0644\u0633 \u0647\u062f\u06cc\u0647)": {
        "price": "5926960",
        "id": 16106,
        "permalink": "https://alidombe.com/product/%da%af%d9%88%d8%b4%db%8c-%d9%85%d9%88%d8%a8%d8%a7%db%8c%d9%84-%d8%b1%db%8c%d9%84%d9%85%db%8c-%d9%85%d8%af%d9%84-c35-ram-4-%d8%b8%d8%b1%d9%81%db%8c%d8%aa-128gb-%d8%b3%d8%a8%d8%b2-%d9%87%d9%85-2/",
        "site": "panel.eways.co"
    },
    "\u06af\u0648\u0634\u06cc \u0645\u0648\u0628\u0627\u06cc\u0644 \u0646\u0648\u06a9\u06cc\u0627 \u0645\u062f\u0644 2660 Flip \u062f\u0648 \u0633\u06cc\u0645 \u06a9\u0627\u0631\u062a - \u0645\u0634\u06a9\u06cc - \u0627\u0635\u0644\u06cc (\u0648\u06cc \u062f\u0648 \u0633\u0644-FA)": {
        "price": "2823450",
        "id": 16107,
        "permalink": "https://alidombe.com/product/%da%af%d9%88%d8%b4%db%8c-%d9%85%d9%88%d8%a8%d8%a7%db%8c%d9%84-%d9%86%d9%88%da%a9%db%8c%d8%a7-%d9%85%d8%af%d9%84-2660-flip-%d8%af%d9%88-%d8%b3%db%8c%d9%85-%da%a9%d8%a7%d8%b1%d8%aa-%d9%85%d8%b4%da%a9-2/",
        "site": "panel.eways.co"
    },
    "\u06af\u0648\u0634\u06cc \u0645\u0648\u0628\u0627\u06cc\u0644 \u0631\u06cc\u0644\u0645\u06cc \u0645\u062f\u0644 (Realme 9 5G (RAM 6 \u0638\u0631\u0641\u06cc\u062a 128GB - \u0633\u0641\u06cc\u062f": {
        "price": "8318960",
        "id": 16108,
        "permalink": "https://alidombe.com/product/%da%af%d9%88%d8%b4%db%8c-%d9%85%d9%88%d8%a8%d8%a7%db%8c%d9%84-%d8%b1%db%8c%d9%84%d9%85%db%8c-%d9%85%d8%af%d9%84-realme-9-5g-ram-6-%d8%b8%d8%b1%d9%81%db%8c%d8%aa-128gb-%d8%b3%d9%81%db%8c%d8%af-2/",
        "site": "panel.eways.co"
    },
    "\u06af\u0648\u0634\u06cc \u0645\u0648\u0628\u0627\u06cc\u0644 \u0634\u06cc\u0627\u0626\u0648\u0645\u06cc \u0645\u062f\u0644 Xiaomi Poco X5 5G (RAM 8) \u0638\u0631\u0641\u06cc\u062a 256GB - \u0645\u0634\u06a9\u06cc": {
        "price": "10813970",
        "id": 16109,
        "permalink": "https://alidombe.com/product/%da%af%d9%88%d8%b4%db%8c-%d9%85%d9%88%d8%a8%d8%a7%db%8c%d9%84-%d8%b4%db%8c%d8%a7%d8%a6%d9%88%d9%85%db%8c-%d9%85%d8%af%d9%84-xiaomi-poco-x5-5g-ram-8-%d8%b8%d8%b1%d9%81%db%8c%d8%aa-256gb-%d9%85/",
        "site": "panel.eways.co"
    },
    "\u06af\u0648\u0634\u06cc \u0645\u0648\u0628\u0627\u06cc\u0644 \u0631\u06cc\u0644\u0645\u06cc \u0645\u062f\u0644 (NARZO 50A PRIME (RAM 4 \u0638\u0631\u0641\u06cc\u062a 128GB - \u0645\u0634\u06a9\u06cc": {
        "price": "5038950",
        "id": 16110,
        "permalink": "https://alidombe.com/product/%da%af%d9%88%d8%b4%db%8c-%d9%85%d9%88%d8%a8%d8%a7%db%8c%d9%84-%d8%b1%db%8c%d9%84%d9%85%db%8c-%d9%85%d8%af%d9%84-narzo-50a-prime-ram-4-%d8%b8%d8%b1%d9%81%db%8c%d8%aa-128gb-%d9%85%d8%b4%da%a9%db%8c-2/",
        "site": "panel.eways.co"
    },
    "\u06af\u0648\u0634\u06cc \u0645\u0648\u0628\u0627\u06cc\u0644 \u0634\u06cc\u0627\u0626\u0648\u0645\u06cc \u0645\u062f\u0644 Xiaomi 13 Lite 5G (RAM 8) \u0638\u0631\u0641\u06cc\u062a  256GB - \u0635\u0648\u0631\u062a\u06cc": {
        "price": "16294600",
        "id": 16111,
        "permalink": "https://alidombe.com/product/%da%af%d9%88%d8%b4%db%8c-%d9%85%d9%88%d8%a8%d8%a7%db%8c%d9%84-%d8%b4%db%8c%d8%a7%d8%a6%d9%88%d9%85%db%8c-%d9%85%d8%af%d9%84-xiaomi-13-lite-5g-ram-8-%d8%b8%d8%b1%d9%81%db%8c%d8%aa-256gb-%d8%b5/",
        "site": "panel.eways.co"
    },
    "\u06af\u0648\u0634\u06cc \u0645\u0648\u0628\u0627\u06cc\u0644 \u0646\u0648\u06a9\u06cc\u0627 \u0645\u062f\u0644 2660 Flip \u062f\u0648 \u0633\u06cc\u0645 \u06a9\u0627\u0631\u062a - \u0645\u0634\u06a9\u06cc - \u0627\u0635\u0644\u06cc (\u0633\u0627\u0645\u062a\u0644-FA)": {
        "price": "2770950",
        "id": 16112,
        "permalink": "https://alidombe.com/product/%da%af%d9%88%d8%b4%db%8c-%d9%85%d9%88%d8%a8%d8%a7%db%8c%d9%84-%d9%86%d9%88%da%a9%db%8c%d8%a7-%d9%85%d8%af%d9%84-2660-flip-%d8%af%d9%88-%d8%b3%db%8c%d9%85-%da%a9%d8%a7%d8%b1%d8%aa-%d9%85%d8%b4%da%a9-3/",
        "site": "panel.eways.co"
    },
    "\u06af\u0648\u0634\u06cc \u0645\u0648\u0628\u0627\u06cc\u0644 \u0627\u067e\u0644 \u0645\u062f\u0644 iphone 13 Pro Non Active CHA \u0638\u0631\u0641\u06cc\u062a 256GB - \u0622\u0628\u06cc": {
        "price": "73030980",
        "id": 16113,
        "permalink": "https://alidombe.com/product/%da%af%d9%88%d8%b4%db%8c-%d9%85%d9%88%d8%a8%d8%a7%db%8c%d9%84-%d8%a7%d9%be%d9%84-%d9%85%d8%af%d9%84-iphone-13-pro-non-active-cha-%d8%b8%d8%b1%d9%81%db%8c%d8%aa-256gb-%d8%a2%d8%a8%db%8c/",
        "site": "panel.eways.co"
    },
    "\u06af\u0648\u0634\u06cc \u0645\u0648\u0628\u0627\u06cc\u0644 \u0634\u06cc\u0627\u0626\u0648\u0645\u06cc \u0645\u062f\u0644 Poco X5 Pro 5G (RAM 8) \u0638\u0631\u0641\u06cc\u062a 256GB - \u0632\u0631\u062f": {
        "price": "13285970",
        "id": 16114,
        "permalink": "https://alidombe.com/product/%da%af%d9%88%d8%b4%db%8c-%d9%85%d9%88%d8%a8%d8%a7%db%8c%d9%84-%d8%b4%db%8c%d8%a7%d8%a6%d9%88%d9%85%db%8c-%d9%85%d8%af%d9%84-poco-x5-pro-5g-ram-8-%d8%b8%d8%b1%d9%81%db%8c%d8%aa-256gb-%d8%b2%d8%b1/",
        "site": "panel.eways.co"
    },
    "\u06af\u0648\u0634\u06cc \u0645\u0648\u0628\u0627\u06cc\u0644 \u0627\u067e\u0644 \u0645\u062f\u0644 iphone 13 Pro Max Non Active B/A \u0638\u0631\u0641\u06cc\u062a 1TB - \u0637\u0644\u0627\u06cc\u06cc (\u062a\u06a9 \u0633\u06cc\u0645 \u06a9\u0627\u0631\u062a)": {
        "price": "93840000",
        "id": 16115,
        "permalink": "https://alidombe.com/product/%da%af%d9%88%d8%b4%db%8c-%d9%85%d9%88%d8%a8%d8%a7%db%8c%d9%84-%d8%a7%d9%be%d9%84-%d9%85%d8%af%d9%84-iphone-13-pro-max-non-active-b-a-%d8%b8%d8%b1%d9%81%db%8c%d8%aa-1tb-%d8%b7%d9%84%d8%a7%db%8c%db%8c/",
        "site": "panel.eways.co"
    },
    "\u06af\u0648\u0634\u06cc \u0645\u0648\u0628\u0627\u06cc\u0644 \u062c\u06cc\u0648\u0646\u06cc \u0645\u062f\u0644 S11 lite (RAM 4) \u0638\u0631\u0641\u06cc\u062a 64GB - \u0622\u0628\u06cc \u062a\u06cc\u0631\u0647": {
        "price": "3045000",
        "id": 16116,
        "permalink": "https://alidombe.com/product/%da%af%d9%88%d8%b4%db%8c-%d9%85%d9%88%d8%a8%d8%a7%db%8c%d9%84-%d8%ac%db%8c%d9%88%d9%86%db%8c-%d9%85%d8%af%d9%84-s11-lite-ram-4-%d8%b8%d8%b1%d9%81%db%8c%d8%aa-64gb-%d8%a2%d8%a8%db%8c-%d8%aa%db%8c-2/",
        "site": "panel.eways.co"
    },
    "\u06af\u0648\u0634\u06cc \u0645\u0648\u0628\u0627\u06cc\u0644 \u0646\u0648\u06a9\u06cc\u0627 \u0645\u062f\u0644 8210 \u062f\u0648 \u0633\u06cc\u0645 \u06a9\u0627\u0631\u062a - \u0622\u0628\u06cc \u062a\u06cc\u0631\u0647 - \u0627\u0635\u0644\u06cc (\u0641\u0627\u0645\u062a\u0644-FA)": {
        "price": "2331000",
        "id": 16117,
        "permalink": "https://alidombe.com/product/%da%af%d9%88%d8%b4%db%8c-%d9%85%d9%88%d8%a8%d8%a7%db%8c%d9%84-%d9%86%d9%88%da%a9%db%8c%d8%a7-%d9%85%d8%af%d9%84-8210-%d8%af%d9%88-%d8%b3%db%8c%d9%85-%da%a9%d8%a7%d8%b1%d8%aa-%d8%a2%d8%a8%db%8c-2/",
        "site": "panel.eways.co"
    },
    "\u06af\u0648\u0634\u06cc \u0645\u0648\u0628\u0627\u06cc\u0644 \u062f\u0627\u06a9\u0633 \u0645\u062f\u0644 V435 - \u0645\u0634\u06a9\u06cc": {
        "price": "796950",
        "id": 16118,
        "permalink": "https://alidombe.com/product/%da%af%d9%88%d8%b4%db%8c-%d9%85%d9%88%d8%a8%d8%a7%db%8c%d9%84-%d8%af%d8%a7%da%a9%d8%b3-%d9%85%d8%af%d9%84-v435-%d9%85%d8%b4%da%a9%db%8c-2/",
        "site": "panel.eways.co"
    },
    "\u06af\u0648\u0634\u06cc \u0645\u0648\u0628\u0627\u06cc\u0644 \u0646\u0648\u06a9\u06cc\u0627 \u0645\u062f\u0644 2660 Flip \u062f\u0648 \u0633\u06cc\u0645 \u06a9\u0627\u0631\u062a - \u0645\u0634\u06a9\u06cc - \u0627\u0635\u0644\u06cc (\u0641\u0627\u0645\u062a\u0644-FA)": {
        "price": "2791950",
        "id": 16119,
        "permalink": "https://alidombe.com/product/%da%af%d9%88%d8%b4%db%8c-%d9%85%d9%88%d8%a8%d8%a7%db%8c%d9%84-%d9%86%d9%88%da%a9%db%8c%d8%a7-%d9%85%d8%af%d9%84-2660-flip-%d8%af%d9%88-%d8%b3%db%8c%d9%85-%da%a9%d8%a7%d8%b1%d8%aa-%d9%85%d8%b4%da%a9-4/",
        "site": "panel.eways.co"
    },
    "\u06af\u0648\u0634\u06cc \u0645\u0648\u0628\u0627\u06cc\u0644 \u062f\u0627\u06a9\u0633 \u0645\u062f\u0644 V435 - \u0622\u0628\u06cc \u062a\u06cc\u0631\u0647": {
        "price": "771750",
        "id": 16120,
        "permalink": "https://alidombe.com/product/%da%af%d9%88%d8%b4%db%8c-%d9%85%d9%88%d8%a8%d8%a7%db%8c%d9%84-%d8%af%d8%a7%da%a9%d8%b3-%d9%85%d8%af%d9%84-v435-%d8%a2%d8%a8%db%8c-%d8%aa%db%8c%d8%b1%d9%87/",
        "site": "panel.eways.co"
    }
}