{"\u0647\u0627\u0631\u062f \u0627\u06a9\u0633\u062a\u0631\u0646\u0627\u0644 silicon power USB3.2-2TB \u0645\u062f\u0644 Armor A62 \u0645\u0634\u06a9\u06cc": {"price": "3412500", "id": 16121, "permalink": "https://alidombe.com/product/%d9%87%d8%a7%d8%b1%d8%af-%d8%a7%da%a9%d8%b3%d8%aa%d8%b1%d9%86%d8%a7%d9%84-silicon-power-usb3-2-2tb-%d9%85%d8%af%d9%84-armor-a62-%d9%85%d8%b4%da%a9%db%8c/", "site": "panel.eways.co"}, "\u0647\u0627\u0631\u062f \u0627\u06a9\u0633\u062a\u0631\u0646\u0627\u0644 Silicon Power USB3.2-1TB \u0645\u062f\u0644 Armor A60-\u0645\u0634\u06a9\u06cc \u0633\u0628\u0632  ": {"price": "2551500", "id": 16122, "permalink": "https://alidombe.com/product/%d9%87%d8%a7%d8%b1%d8%af-%d8%a7%da%a9%d8%b3%d8%aa%d8%b1%d9%86%d8%a7%d9%84-silicon-power-usb3-2-1tb-%d9%85%d8%af%d9%84-armor-a60-%d9%85%d8%b4%da%a9%db%8c-%d8%b3%d8%a8%d8%b2/", "site": "panel.eways.co"}, "\u0647\u0627\u0631\u062f \u0627\u06a9\u0633\u062a\u0631\u0646\u0627\u0644 Silicon Power USB3.2-1TB \u0645\u062f\u0644 Armor A60-\u0645\u0634\u06a9\u06cc": {"price": "2551500", "id": 16123, "permalink": "https://alidombe.com/product/%d9%87%d8%a7%d8%b1%d8%af-%d8%a7%da%a9%d8%b3%d8%aa%d8%b1%d9%86%d8%a7%d9%84-silicon-power-usb3-2-1tb-%d9%85%d8%af%d9%84-armor-a60-%d9%85%d8%b4%da%a9%db%8c-3/", "site": "panel.eways.co"}, "\u0647\u0627\u0631\u062f \u0627\u06a9\u0633\u062a\u0631\u0646\u0627\u0644 silicon power USB3.2-1TB \u0645\u062f\u0644 Armor A62-\u0645\u0634\u06a9\u06cc \u0622\u0628\u06cc": {"price": "2551500", "id": 16124, "permalink": "https://alidombe.com/product/%d9%87%d8%a7%d8%b1%d8%af-%d8%a7%da%a9%d8%b3%d8%aa%d8%b1%d9%86%d8%a7%d9%84-silicon-power-usb3-2-1tb-%d9%85%d8%af%d9%84-armor-a62-%d9%85%d8%b4%da%a9%db%8c-%d8%a2%d8%a8%db%8c-5/", "site": "panel.eways.co"}, "\u0647\u0627\u0631\u062f \u0627\u06a9\u0633\u062a\u0631\u0646\u0627\u0644 silicon power USB3.2-1TB \u0645\u062f\u0644 Armor A62-\u0645\u0634\u06a9\u06cc \u0642\u0631\u0645\u0632": {"price": "2551500", "id": 16125, "permalink": "https://alidombe.com/product/%d9%87%d8%a7%d8%b1%d8%af-%d8%a7%da%a9%d8%b3%d8%aa%d8%b1%d9%86%d8%a7%d9%84-silicon-power-usb3-2-1tb-%d9%85%d8%af%d9%84-armor-a62-%d9%85%d8%b4%da%a9%db%8c-%d9%82%d8%b1%d9%85%d8%b2/", "site": "panel.eways.co"}, "\u0647\u0627\u0631\u062f \u0627\u06a9\u0633\u062a\u0631\u0646\u0627\u0644 silicon power USB3.2-4TB \u0645\u062f\u0644 Armor A62-\u0645\u0634\u06a9\u06cc": {"price": "5501600", "id": 16126, "permalink": "https://alidombe.com/product/%d9%87%d8%a7%d8%b1%d8%af-%d8%a7%da%a9%d8%b3%d8%aa%d8%b1%d9%86%d8%a7%d9%84-silicon-power-usb3-2-4tb-%d9%85%d8%af%d9%84-armor-a62-%d9%85%d8%b4%da%a9%db%8c/", "site": "panel.eways.co"}, "Adata C008 CLASSIC USB 2.0 Flash Memory- 32GB \u0645\u0634\u06a9\u06cc \u0642\u0631\u0645\u0632 (\u06af\u0627\u0631\u0627\u0646\u062a\u06cc \u0645\u0627\u062f\u0627\u0645 \u0634\u0631\u06a9\u062a \u0622\u0648\u0646\u06af)": {"price": "147000", "id": 16127, "permalink": "https://alidombe.com/product/adata-c008-classic-usb-2-0-flash-memory-32gb-%d9%85%d8%b4%da%a9%db%8c-%d9%82%d8%b1%d9%85%d8%b2-%da%af%d8%a7%d8%b1%d8%a7%d9%86%d8%aa%db%8c-%d9%85%d8%a7%d8%af%d8%a7%d9%85-%d8%b4%d8%b1%da%a9%d8%aa/", "site": "panel.eways.co"}, "\u0647\u0627\u0631\u062f \u0627\u06a9\u0633\u062a\u0631\u0646\u0627\u0644 ADATA \u0645\u062f\u0644 Durable HD720 \u0638\u0631\u0641\u06cc\u062a 1TB - \u0622\u0628\u06cc (\u06af\u0627\u0631\u0627\u0646\u062a\u06cc \u0634\u0631\u06a9\u062a \u0622\u0648\u0646\u06af)": {"price": "2761500", "id": 16128, "permalink": "https://alidombe.com/product/%d9%87%d8%a7%d8%b1%d8%af-%d8%a7%da%a9%d8%b3%d8%aa%d8%b1%d9%86%d8%a7%d9%84-adata-%d9%85%d8%af%d9%84-durable-hd720-%d8%b8%d8%b1%d9%81%db%8c%d8%aa-1tb-%d8%a2%d8%a8%db%8c-%da%af%d8%a7%d8%b1%d8%a7%d9%86/", "site": "panel.eways.co"}, "\u0647\u0627\u0631\u062f \u0627\u06a9\u0633\u062a\u0631\u0646\u0627\u0644 ADATA \u0645\u062f\u0644 HD770G \u0638\u0631\u0641\u06cc\u062a 1TB - \u0645\u0634\u06a9\u06cc \u0642\u0631\u0645\u0632 (\u06af\u0627\u0631\u0627\u0646\u062a\u06cc \u0634\u0631\u06a9\u062a \u0622\u0648\u0646\u06af)": {"price": "2992500", "id": 16129, "permalink": "https://alidombe.com/product/%d9%87%d8%a7%d8%b1%d8%af-%d8%a7%da%a9%d8%b3%d8%aa%d8%b1%d9%86%d8%a7%d9%84-adata-%d9%85%d8%af%d9%84-hd770g-%d8%b8%d8%b1%d9%81%db%8c%d8%aa-1tb-%d9%85%d8%b4%da%a9%db%8c-%d9%82%d8%b1%d9%85%d8%b2-%da%af-3/", "site": "panel.eways.co"}, "Adata C008 CLASSIC USB 2.0 Flash Memory- 32GB \u0633\u0641\u06cc\u062f \u0622\u0628\u06cc (\u06af\u0627\u0631\u0627\u0646\u062a\u06cc \u0645\u0627\u062f\u0627\u0645 \u0634\u0631\u06a9\u062a \u0622\u0648\u0646\u06af)": {"price": "147000", "id": 16130, "permalink": "https://alidombe.com/product/adata-c008-classic-usb-2-0-flash-memory-32gb-%d8%b3%d9%81%db%8c%d8%af-%d8%a2%d8%a8%db%8c-%da%af%d8%a7%d8%b1%d8%a7%d9%86%d8%aa%db%8c-%d9%85%d8%a7%d8%af%d8%a7%d9%85-%d8%b4%d8%b1%da%a9%d8%aa-%d8%a2-7/", "site": "panel.eways.co"}, "\u0647\u0627\u0631\u062f ADATA SSD \u0645\u062f\u0644 SU800 \u0638\u0631\u0641\u06cc\u062a 256GB - \u0645\u0634\u06a9\u06cc (\u06af\u0627\u0631\u0627\u0646\u062a\u06cc \u0634\u0631\u06a9\u062a \u0622\u0648\u0646\u06af)": {"price": "1732500", "id": 16131, "permalink": "https://alidombe.com/product/%d9%87%d8%a7%d8%b1%d8%af-adata-ssd-%d9%85%d8%af%d9%84-su800-%d8%b8%d8%b1%d9%81%db%8c%d8%aa-256gb-%d9%85%d8%b4%da%a9%db%8c-%da%af%d8%a7%d8%b1%d8%a7%d9%86%d8%aa%db%8c-%d8%b4%d8%b1%da%a9%d8%aa-%d8%a2/", "site": "panel.eways.co"}, "\u0647\u0627\u0631\u062f \u0627\u06a9\u0633\u062a\u0631\u0646\u0627\u0644 ADATA \u0645\u062f\u0644 Durable HD330 \u0638\u0631\u0641\u06cc\u062a 1TB - \u0622\u0628\u06cc (\u06af\u0627\u0631\u0627\u0646\u062a\u06cc \u0634\u0631\u06a9\u062a \u0622\u0648\u0646\u06af)": {"price": "2593500", "id": 16132, "permalink": "https://alidombe.com/product/%d9%87%d8%a7%d8%b1%d8%af-%d8%a7%da%a9%d8%b3%d8%aa%d8%b1%d9%86%d8%a7%d9%84-adata-%d9%85%d8%af%d9%84-durable-hd330-%d8%b8%d8%b1%d9%81%db%8c%d8%aa-1tb-%d8%a2%d8%a8%db%8c-%da%af%d8%a7%d8%b1%d8%a7%d9%86/", "site": "panel.eways.co"}, "\u0647\u0627\u0631\u062f \u0627\u06a9\u0633\u062a\u0631\u0646\u0627\u0644 ADATA \u0645\u062f\u0644 HD770G \u0638\u0631\u0641\u06cc\u062a 1TB - \u0645\u0634\u06a9\u06cc (\u06af\u0627\u0631\u0627\u0646\u062a\u06cc \u0634\u0631\u06a9\u062a \u0622\u0648\u0646\u06af)": {"price": "2992500", "id": 16133, "permalink": "https://alidombe.com/product/%d9%87%d8%a7%d8%b1%d8%af-%d8%a7%da%a9%d8%b3%d8%aa%d8%b1%d9%86%d8%a7%d9%84-adata-%d9%85%d8%af%d9%84-hd770g-%d8%b8%d8%b1%d9%81%db%8c%d8%aa-1tb-%d9%85%d8%b4%da%a9%db%8c-%da%af%d8%a7%d8%b1%d8%a7%d9%86-3/", "site": "panel.eways.co"}, "\u0647\u0627\u0631\u062f \u0627\u06a9\u0633\u062a\u0631\u0646\u0627\u0644 ADATA Durable HD330 External Hard Drive-2TB - \u0622\u0628\u06cc (\u06af\u0627\u0631\u0627\u0646\u062a\u06cc \u0634\u0631\u06a9\u062a \u0622\u0648\u0646\u06af)": {"price": "3444000", "id": 16134, "permalink": "https://alidombe.com/product/%d9%87%d8%a7%d8%b1%d8%af-%d8%a7%da%a9%d8%b3%d8%aa%d8%b1%d9%86%d8%a7%d9%84-adata-durable-hd330-external-hard-drive-2tb-%d8%a2%d8%a8%db%8c-%da%af%d8%a7%d8%b1%d8%a7%d9%86%d8%aa%db%8c-%d8%b4%d8%b1-3/", "site": "panel.eways.co"}, "\u0647\u0627\u0631\u062f \u0627\u06a9\u0633\u062a\u0631\u0646\u0627\u0644 ADATA Durable HD650 External Hard Drive USB3.2-4TB - \u0645\u0634\u06a9\u06cc (\u06af\u0627\u0631\u0627\u0646\u062a\u06cc \u0634\u0631\u06a9\u062a \u0622\u0648\u0646\u06af)": {"price": "5200000", "id": 16135, "permalink": "https://alidombe.com/product/%d9%87%d8%a7%d8%b1%d8%af-%d8%a7%da%a9%d8%b3%d8%aa%d8%b1%d9%86%d8%a7%d9%84-adata-durable-hd650-external-hard-drive-usb3-2-4tb-%d9%85%d8%b4%da%a9%db%8c-%da%af%d8%a7%d8%b1%d8%a7%d9%86%d8%aa%db%8c-3/", "site": "panel.eways.co"}, "\u0647\u0627\u0631\u062f \u0627\u06a9\u0633\u062a\u0631\u0646\u0627\u0644 ADATA \u0645\u062f\u0644 Durable HD650 \u0638\u0631\u0641\u06cc\u062a 1TB - \u0642\u0631\u0645\u0632 (\u06af\u0627\u0631\u0627\u0646\u062a\u06cc \u0634\u0631\u06a9\u062a \u0622\u0648\u0646\u06af)": {"price": "2593500", "id": 16136, "permalink": "https://alidombe.com/product/%d9%87%d8%a7%d8%b1%d8%af-%d8%a7%da%a9%d8%b3%d8%aa%d8%b1%d9%86%d8%a7%d9%84-adata-%d9%85%d8%af%d9%84-durable-hd650-%d8%b8%d8%b1%d9%81%db%8c%d8%aa-1tb-%d9%82%d8%b1%d9%85%d8%b2-%da%af%d8%a7%d8%b1%d8%a7/", "site": "panel.eways.co"}, "\u0647\u0627\u0631\u062f \u0627\u06a9\u0633\u062a\u0631\u0646\u0627\u0644 ADATA \u0645\u062f\u0644 Durable HD650 \u0638\u0631\u0641\u06cc\u062a 1TB - \u0645\u0634\u06a9\u06cc (\u06af\u0627\u0631\u0627\u0646\u062a\u06cc \u0634\u0631\u06a9\u062a \u0622\u0648\u0646\u06af)": {"price": "2593500", "id": 16137, "permalink": "https://alidombe.com/product/%d9%87%d8%a7%d8%b1%d8%af-%d8%a7%da%a9%d8%b3%d8%aa%d8%b1%d9%86%d8%a7%d9%84-adata-%d9%85%d8%af%d9%84-durable-hd650-%d8%b8%d8%b1%d9%81%db%8c%d8%aa-1tb-%d9%85%d8%b4%da%a9%db%8c-%da%af%d8%a7%d8%b1%d8%a7-3/", "site": "panel.eways.co"}, "\u0647\u0627\u0631\u062f \u0627\u06a9\u0633\u062a\u0631\u0646\u0627\u0644 ADATA \u0645\u062f\u0644 HD330 \u0638\u0631\u0641\u06cc\u062a 1TB - \u0645\u0634\u06a9\u06cc (\u06af\u0627\u0631\u0627\u0646\u062a\u06cc \u0634\u0631\u06a9\u062a \u0622\u0648\u0646\u06af)": {"price": "2593500", "id": 16138, "permalink": "https://alidombe.com/product/%d9%87%d8%a7%d8%b1%d8%af-%d8%a7%da%a9%d8%b3%d8%aa%d8%b1%d9%86%d8%a7%d9%84-adata-%d9%85%d8%af%d9%84-hd330-%d8%b8%d8%b1%d9%81%db%8c%d8%aa-1tb-%d9%85%d8%b4%da%a9%db%8c-%da%af%d8%a7%d8%b1%d8%a7%d9%86-3/", "site": "panel.eways.co"}, "\u0647\u0627\u0631\u062f \u0627\u06a9\u0633\u062a\u0631\u0646\u0627\u0644 ADATA \u0645\u062f\u0644 Durable HD650 \u0638\u0631\u0641\u06cc\u062a 1TB - \u0622\u0628\u06cc (\u06af\u0627\u0631\u0627\u0646\u062a\u06cc \u0634\u0631\u06a9\u062a \u0622\u0648\u0646\u06af)": {"price": "2593500", "id": 16139, "permalink": "https://alidombe.com/product/%d9%87%d8%a7%d8%b1%d8%af-%d8%a7%da%a9%d8%b3%d8%aa%d8%b1%d9%86%d8%a7%d9%84-adata-%d9%85%d8%af%d9%84-durable-hd650-%d8%b8%d8%b1%d9%81%db%8c%d8%aa-1tb-%d8%a2%d8%a8%db%8c-%da%af%d8%a7%d8%b1%d8%a7%d9%86/", "site": "panel.eways.co"}, "\u0647\u0627\u0631\u062f \u0627\u06a9\u0633\u062a\u0631\u0646\u0627\u0644 ADATA \u0645\u062f\u0644 HD710 Pro \u0638\u0631\u0641\u06cc\u062a 4TB - \u0645\u0634\u06a9\u06cc (\u06af\u0627\u0631\u0627\u0646\u062a\u06cc \u0634\u0631\u06a9\u062a \u0622\u0648\u0646\u06af)": {"price": "5408000", "id": 16140, "permalink": "https://alidombe.com/product/%d9%87%d8%a7%d8%b1%d8%af-%d8%a7%da%a9%d8%b3%d8%aa%d8%b1%d9%86%d8%a7%d9%84-adata-%d9%85%d8%af%d9%84-hd710-pro-%d8%b8%d8%b1%d9%81%db%8c%d8%aa-4tb-%d9%85%d8%b4%da%a9%db%8c-%da%af%d8%a7%d8%b1%d8%a7/", "site": "panel.eways.co"}, "\u0647\u0627\u0631\u062f \u0627\u06a9\u0633\u062a\u0631\u0646\u0627\u0644 ADATA \u0645\u062f\u0644 Durable HD720 \u0638\u0631\u0641\u06cc\u062a 1TB - \u0645\u0634\u06a9\u06cc (\u06af\u0627\u0631\u0627\u0646\u062a\u06cc \u0634\u0631\u06a9\u062a \u0622\u0648\u0646\u06af)": {"price": "2761500", "id": 16141, "permalink": "https://alidombe.com/product/%d9%87%d8%a7%d8%b1%d8%af-%d8%a7%da%a9%d8%b3%d8%aa%d8%b1%d9%86%d8%a7%d9%84-adata-%d9%85%d8%af%d9%84-durable-hd720-%d8%b8%d8%b1%d9%81%db%8c%d8%aa-1tb-%d9%85%d8%b4%da%a9%db%8c-%da%af%d8%a7%d8%b1%d8%a7/", "site": "panel.eways.co"}, "WD Purple-WD10PURZ-85u8xY0 Internal Hard Drive-1TB (\u06af\u0627\u0631\u0627\u0646\u062a\u06cc 2 \u0633\u0627\u0644\u0647 \u0627\u06cc\u0631\u0627\u0646 \u0631\u0647\u062c\u0648) \u0647\u0627\u0631\u062f \u0627\u06cc\u0646\u062a\u0631\u0646\u0627\u0644": {"price": "1732500", "id": 16142, "permalink": "https://alidombe.com/product/wd-purple-wd10purz-85u8xy0-internal-hard-drive-1tb-%da%af%d8%a7%d8%b1%d8%a7%d9%86%d8%aa%db%8c-2-%d8%b3%d8%a7%d9%84%d9%87-%d8%a7%db%8c%d8%b1%d8%a7%d9%86-%d8%b1%d9%87%d8%ac%d9%88-%d9%87%d8%a7%d8%b1/", "site": "panel.eways.co"}, "\u0647\u0627\u0631\u062f \u0627\u06a9\u0633\u062a\u0631\u0646\u0627\u0644 ADATA \u0645\u062f\u0644  Durable HD330 \u0638\u0631\u0641\u06cc\u062a 1TB - \u0642\u0631\u0645\u0632 (\u06af\u0627\u0631\u0627\u0646\u062a\u06cc \u0634\u0631\u06a9\u062a \u0622\u0648\u0646\u06af)": {"price": "2593500", "id": 16143, "permalink": "https://alidombe.com/product/%d9%87%d8%a7%d8%b1%d8%af-%d8%a7%da%a9%d8%b3%d8%aa%d8%b1%d9%86%d8%a7%d9%84-adata-%d9%85%d8%af%d9%84-durable-hd330-%d8%b8%d8%b1%d9%81%db%8c%d8%aa-1tb-%d9%82%d8%b1%d9%85%d8%b2-%da%af%d8%a7%d8%b1-3/", "site": "panel.eways.co"}, "\u0647\u0627\u0631\u062f \u0627\u06a9\u0633\u062a\u0631\u0646\u0627\u0644 ADATA \u0645\u062f\u0644 Durable HD710M Pro \u0638\u0631\u0641\u06cc\u062a 1TB - \u0627\u0631\u062a\u0634\u06cc (\u06af\u0627\u0631\u0627\u0646\u062a\u06cc \u0634\u0631\u06a9\u062a \u0622\u0648\u0646\u06af)": {"price": "2698500", "id": 16144, "permalink": "https://alidombe.com/product/%d9%87%d8%a7%d8%b1%d8%af-%d8%a7%da%a9%d8%b3%d8%aa%d8%b1%d9%86%d8%a7%d9%84-adata-%d9%85%d8%af%d9%84-durable-hd710m-pro-%d8%b8%d8%b1%d9%81%db%8c%d8%aa-1tb-%d8%a7%d8%b1%d8%aa%d8%b4%db%8c-%da%af%d8%a7/", "site": "panel.eways.co"}}