{"\u0633\u0627\u0639\u062a \u0647\u0648\u0634\u0645\u0646\u062f \u0634\u06cc\u0627\u0626\u0648\u0645\u06cc \u0645\u062f\u0644 Mibro C2 \u0628\u0627 \u06af\u0627\u0631\u0627\u0646\u062a\u06cc 18 \u0645\u0627\u0647\u0647 \u0634\u0631\u06a9\u062a\u06cc\t": {"price": "745500", "id": 15995, "permalink": "https://alidombe.com/product/%d8%b3%d8%a7%d8%b9%d8%aa-%d9%87%d9%88%d8%b4%d9%85%d9%86%d8%af-%d8%b4%db%8c%d8%a7%d8%a6%d9%88%d9%85%db%8c-%d9%85%d8%af%d9%84-mibro-c2-%d8%a8%d8%a7-%da%af%d8%a7%d8%b1%d8%a7%d9%86%d8%aa%db%8c-18-%d9%85-5/", "site": "app.hamrahtel.com"}, "\u0633\u0627\u0639\u062a \u0647\u0648\u0634\u0645\u0646\u062f \u0645\u062f\u0644 Mibro Lite SmartWatch ": {"price": "1017450", "id": 15996, "permalink": "https://alidombe.com/product/%d8%b3%d8%a7%d8%b9%d8%aa-%d9%87%d9%88%d8%b4%d9%85%d9%86%d8%af-%d9%85%d8%af%d9%84-mibro-lite-smartwatch-4/", "site": "app.hamrahtel.com"}, "\u0633\u0627\u0639\u062a \u0647\u0648\u0634\u0645\u0646\u062f \u0647\u0627\u06cc\u0644\u0648 LS04": {"price": "1258950", "id": 15997, "permalink": "https://alidombe.com/product/%d8%b3%d8%a7%d8%b9%d8%aa-%d9%87%d9%88%d8%b4%d9%85%d9%86%d8%af-%d9%87%d8%a7%db%8c%d9%84%d9%88-ls04-4/", "site": "app.hamrahtel.com"}, "\u0633\u0627\u0639\u062a \u0647\u0648\u0634\u0645\u0646\u062f Mibro \u0645\u062f\u0644 Mibro Watch X1 \u0628\u0627 \u06af\u0627\u0631\u0627\u0646\u062a\u06cc 18 \u0645\u0627\u0647\u0647 \u0634\u0631\u06a9\u062a\u06cc": {"price": "1321950", "id": 15998, "permalink": "https://alidombe.com/product/%d8%b3%d8%a7%d8%b9%d8%aa-%d9%87%d9%88%d8%b4%d9%85%d9%86%d8%af-mibro-%d9%85%d8%af%d9%84-mibro-watch-x1-%d8%a8%d8%a7-%da%af%d8%a7%d8%b1%d8%a7%d9%86%d8%aa%db%8c-18-%d9%85%d8%a7%d9%87%d9%87-%d8%b4%d8%b1-4/", "site": "app.hamrahtel.com"}, "\u0633\u0627\u0639\u062a \u0647\u0648\u0634\u0645\u0646\u062f kieslect Kr ": {"price": "1500450", "id": 15999, "permalink": "https://alidombe.com/product/%d8%b3%d8%a7%d8%b9%d8%aa-%d9%87%d9%88%d8%b4%d9%85%d9%86%d8%af-kieslect-kr-4/", "site": "app.hamrahtel.com"}, "\u0633\u0627\u0639\u062a \u0647\u0648\u0634\u0645\u0646\u062f \u0647\u0627\u06cc\u0644\u0648 ( HAYLOU SOLAR PLUS (LS16": {"price": "1573950", "id": 16000, "permalink": "https://alidombe.com/product/%d8%b3%d8%a7%d8%b9%d8%aa-%d9%87%d9%88%d8%b4%d9%85%d9%86%d8%af-%d9%87%d8%a7%db%8c%d9%84%d9%88-haylou-solar-plus-ls16-4/", "site": "app.hamrahtel.com"}, "\u0633\u0627\u0639\u062a \u0647\u0648\u0634\u0645\u0646\u062f Mibro \u0645\u062f\u0644 Mibro Watch T1 \u0628\u0627 \u06af\u0627\u0631\u0627\u0646\u062a\u06cc 18 \u0645\u0627\u0647\u0647 \u0634\u0631\u06a9\u062a\u06cc": {"price": "1590750", "id": 16001, "permalink": "https://alidombe.com/product/%d8%b3%d8%a7%d8%b9%d8%aa-%d9%87%d9%88%d8%b4%d9%85%d9%86%d8%af-mibro-%d9%85%d8%af%d9%84-mibro-watch-t1-%d8%a8%d8%a7-%da%af%d8%a7%d8%b1%d8%a7%d9%86%d8%aa%db%8c-18-%d9%85%d8%a7%d9%87%d9%87-%d8%b4%d8%b1-4/", "site": "app.hamrahtel.com"}, "\u0633\u0627\u0639\u062a \u0647\u0648\u0634\u0645\u0646\u062f \u06a9\u06cc\u0633\u0644\u06a9\u062a \u0645\u062f\u0644 K11 Pro ": {"price": "1678950", "id": 16002, "permalink": "https://alidombe.com/product/%d8%b3%d8%a7%d8%b9%d8%aa-%d9%87%d9%88%d8%b4%d9%85%d9%86%d8%af-%da%a9%db%8c%d8%b3%d9%84%da%a9%d8%aa-%d9%85%d8%af%d9%84-k11-pro-4/", "site": "app.hamrahtel.com"}, "\u0633\u0627\u0639\u062a \u0647\u0648\u0634\u0645\u0646\u062f \u0645\u062f\u0644 Mibro Lite 2 SmartWatch ": {"price": "1762950", "id": 16003, "permalink": "https://alidombe.com/product/%d8%b3%d8%a7%d8%b9%d8%aa-%d9%87%d9%88%d8%b4%d9%85%d9%86%d8%af-%d9%85%d8%af%d9%84-mibro-lite-2-smartwatch-4/", "site": "app.hamrahtel.com"}, "\u0633\u0627\u0639\u062a \u0647\u0648\u0634\u0645\u0646\u062f kieslect Lora ": {"price": "1815450", "id": 16004, "permalink": "https://alidombe.com/product/%d8%b3%d8%a7%d8%b9%d8%aa-%d9%87%d9%88%d8%b4%d9%85%d9%86%d8%af-kieslect-lora-4/", "site": "app.hamrahtel.com"}, " \u0633\u0627\u0639\u062a \u0647\u0648\u0634\u0645\u0646\u062f kieslect l11 pro": {"price": "1825950", "id": 16005, "permalink": "https://alidombe.com/product/%d8%b3%d8%a7%d8%b9%d8%aa-%d9%87%d9%88%d8%b4%d9%85%d9%86%d8%af-kieslect-l11-pro-4/", "site": "app.hamrahtel.com"}, "\u0633\u0627\u0639\u062a \u0647\u0648\u0634\u0645\u0646\u062f \u0645\u06cc\u0628\u0631\u0648 \u0645\u062f\u0644 Mibro GS \u0628\u0627 \u06af\u0627\u0631\u0627\u0646\u062a\u06cc 18 \u0645\u0627\u0647\u0647 \u0634\u0631\u06a9\u062a\u06cc": {"price": "2004450", "id": 16006, "permalink": "https://alidombe.com/product/%d8%b3%d8%a7%d8%b9%d8%aa-%d9%87%d9%88%d8%b4%d9%85%d9%86%d8%af-%d9%85%db%8c%d8%a8%d8%b1%d9%88-%d9%85%d8%af%d9%84-mibro-gs-%d8%a8%d8%a7-%da%af%d8%a7%d8%b1%d8%a7%d9%86%d8%aa%db%8c-18-%d9%85%d8%a7%d9%87-4/", "site": "app.hamrahtel.com"}, "\u0633\u0627\u0639\u062a \u0647\u0648\u0634\u0645\u0646\u062f \u0627\u06cc\u0645\u06cc\u0644\u0628 IMILAB W13": {"price": "2067450", "id": 16007, "permalink": "https://alidombe.com/product/%d8%b3%d8%a7%d8%b9%d8%aa-%d9%87%d9%88%d8%b4%d9%85%d9%86%d8%af-%d8%a7%db%8c%d9%85%db%8c%d9%84%d8%a8-imilab-w13-4/", "site": "app.hamrahtel.com"}, "\u0633\u0627\u0639\u062a \u0647\u0648\u0634\u0645\u0646\u062f \u0622\u06cc \u0645\u06cc \u0644\u0628 \u0645\u062f\u0644 IMIKI TG1 \u0628\u0627 \u06af\u0627\u0631\u0627\u0646\u062a\u06cc 18 \u0645\u0627\u0647\u0647 \u0634\u0631\u06a9\u062a\u06cc": {"price": "2151450", "id": 16008, "permalink": "https://alidombe.com/product/%d8%b3%d8%a7%d8%b9%d8%aa-%d9%87%d9%88%d8%b4%d9%85%d9%86%d8%af-%d8%a2%db%8c-%d9%85%db%8c-%d9%84%d8%a8-%d9%85%d8%af%d9%84-imiki-tg1-%d8%a8%d8%a7-%da%af%d8%a7%d8%b1%d8%a7%d9%86%d8%aa%db%8c-18-%d9%85-4/", "site": "app.hamrahtel.com"}, "\u0633\u0627\u0639\u062a \u0647\u0648\u0634\u0645\u0646\u062f IMIKI \u0645\u062f\u0644 SF1E \u0628\u0627 \u06af\u0627\u0631\u0627\u0646\u062a\u06cc 18 \u0645\u0627\u0647\u0647 \u0634\u0631\u06a9\u062a\u06cc": {"price": "2256450", "id": 16009, "permalink": "https://alidombe.com/product/%d8%b3%d8%a7%d8%b9%d8%aa-%d9%87%d9%88%d8%b4%d9%85%d9%86%d8%af-imiki-%d9%85%d8%af%d9%84-sf1e-%d8%a8%d8%a7-%da%af%d8%a7%d8%b1%d8%a7%d9%86%d8%aa%db%8c-18-%d9%85%d8%a7%d9%87%d9%87-%d8%b4%d8%b1%da%a9-4/", "site": "app.hamrahtel.com"}, "\u0633\u0627\u0639\u062a \u0647\u0648\u0634\u0645\u0646\u062f \u0634\u06cc\u0627\u0626\u0648\u0645\u06cc \u0645\u062f\u0644 S1 Active \u0628\u0627 \u06af\u0627\u0631\u0627\u0646\u062a\u06cc 6 \u0645\u0627\u0647 \u0634\u0631\u06a9\u062a\u06cc": {"price": "5583760", "id": 16010, "permalink": "https://alidombe.com/product/%d8%b3%d8%a7%d8%b9%d8%aa-%d9%87%d9%88%d8%b4%d9%85%d9%86%d8%af-%d8%b4%db%8c%d8%a7%d8%a6%d9%88%d9%85%db%8c-%d9%85%d8%af%d9%84-s1-active-%d8%a8%d8%a7-%da%af%d8%a7%d8%b1%d8%a7%d9%86%d8%aa%db%8c-6-%d9%85-4/", "site": "app.hamrahtel.com"}}