{"\u0644\u067e \u062a\u0627\u067e \u0644\u0646\u0648\u0648 \u0645\u062f\u0644Notebook V130-15IKB INTEL Celeron 3867U-4GB-500GB HDD-15.6HD \u0628\u0627 \u06af\u0627\u0631\u0627\u0646\u062a\u06cc \u0634\u0631\u06a9\u062a\u06cc\t": {"price": "11999500", "id": 16011, "permalink": "https://alidombe.com/product/%d9%84%d9%be-%d8%aa%d8%a7%d9%be-%d9%84%d9%86%d9%88%d9%88-%d9%85%d8%af%d9%84notebook-v130-15ikb-intel-celeron-3867u-4gb-500gb-hdd-15-6hd-%d8%a8%d8%a7-%da%af%d8%a7%d8%b1%d8%a7%d9%86%d8%aa%db%8c-%d8%b4-4/", "site": "app.hamrahtel.com"}, "\u0644\u067e \u062a\u0627\u067e 15.6 \u0627\u06cc\u0646\u0686\u06cc \u0627\u06cc\u0633\u0648\u0633 \u0645\u062f\u0644 X543MA \u0628\u0627 18 \u0645\u0627\u0647 \u06af\u0627\u0631\u0627\u0646\u062a\u06cc": {"price": "13285970", "id": 16012, "permalink": "https://alidombe.com/product/%d9%84%d9%be-%d8%aa%d8%a7%d9%be-15-6-%d8%a7%db%8c%d9%86%da%86%db%8c-%d8%a7%db%8c%d8%b3%d9%88%d8%b3-%d9%85%d8%af%d9%84-x543ma-%d8%a8%d8%a7-18-%d9%85%d8%a7%d9%87-%da%af%d8%a7%d8%b1%d8%a7%d9%86%d8%aa-4/", "site": "app.hamrahtel.com"}, "\u0644\u067e \u062a\u0627\u067e \u0644\u0646\u0648\u0648 \u0645\u062f\u0644 V15 G2ITL CORE i3-1115G4-4GB-256GB SSD-INTEGRATED-15.6FHD \u0628\u0627 \u06af\u0627\u0631\u0627\u0646\u062a\u06cc 18 \u0645\u0627\u0647\u0647 \u0634\u0631\u06a9\u062a\u06cc\t": {"price": "14521970", "id": 16013, "permalink": "https://alidombe.com/product/%d9%84%d9%be-%d8%aa%d8%a7%d9%be-%d9%84%d9%86%d9%88%d9%88-%d9%85%d8%af%d9%84-v15-g2itl-core-i3-1115g4-4gb-256gb-ssd-integrated-15-6fhd-%d8%a8%d8%a7-%da%af%d8%a7%d8%b1%d8%a7%d9%86%d8%aa%db%8c-18-4/", "site": "app.hamrahtel.com"}, "\u0644\u067e \u062a\u0627\u067e \u0644\u0646\u0648\u0648 \u0645\u062f\u0644 V15 R5-5500U-8GB-1TB HDD-INTEGRATED-15.6FHD \u0628\u0627 \u06af\u0627\u0631\u0627\u0646\u062a\u06cc 18 \u0645\u0627\u0647\u0647 \u0634\u0631\u06a9\u062a\u06cc": {"price": "20598970", "id": 16014, "permalink": "https://alidombe.com/product/%d9%84%d9%be-%d8%aa%d8%a7%d9%be-%d9%84%d9%86%d9%88%d9%88-%d9%85%d8%af%d9%84-v15-r5-5500u-8gb-1tb-hdd-integrated-15-6fhd-%d8%a8%d8%a7-%da%af%d8%a7%d8%b1%d8%a7%d9%86%d8%aa%db%8c-18-%d9%85%d8%a7%d9%87-4/", "site": "app.hamrahtel.com"}, "\u0644\u067e \u062a\u0627\u067e \u0644\u0646\u0648\u0648 \u0645\u062f\u0644 ideapad 3 15ITL6 core i5-1135G7-8GB-512GB SSD-MX350-15.6FHD \u0628\u0627 \u06af\u0627\u0631\u0627\u0646\u062a\u06cc \u0634\u0631\u06a9\u062a\u06cc\t": {"price": "20961000", "id": 16015, "permalink": "https://alidombe.com/product/%d9%84%d9%be-%d8%aa%d8%a7%d9%be-%d9%84%d9%86%d9%88%d9%88-%d9%85%d8%af%d9%84-ideapad-3-15itl6-core-i5-1135g7-8gb-512gb-ssd-mx350-15-6fhd-%d8%a8%d8%a7-%da%af%d8%a7%d8%b1%d8%a7%d9%86%d8%aa%db%8c-%d8%b4-4/", "site": "app.hamrahtel.com"}, "LAPTOP LENOVO Intel i5-1155g7 512ssd": {"price": "21112980", "id": 16016, "permalink": "https://alidombe.com/product/laptop-lenovo-intel-i5-1155g7-512ssd-4/", "site": "app.hamrahtel.com"}, "\u0644\u067e \u062a\u0627\u067e \u0627\u06cc\u0633\u0648\u0633 \u0645\u062f\u0644 (ASUS R1502ZA-Ej972 (i5 1235 16GB 512GB SSD Iris Xe 15.6\"FHD  \u0628\u0627 \u06af\u0627\u0631\u0627\u0646\u062a\u06cc 24 \u0645\u0627\u0647\u0647 \u0634\u0631\u06a9\u062a\u06cc": {"price": "28713000", "id": 16017, "permalink": "https://alidombe.com/product/%d9%84%d9%be-%d8%aa%d8%a7%d9%be-%d8%a7%db%8c%d8%b3%d9%88%d8%b3-%d9%85%d8%af%d9%84-asus-r1502za-ej972-i5-1235-16gb-512gb-ssd-iris-xe-15-6fhd-%d8%a8%d8%a7-%da%af%d8%a7%d8%b1%d8%a7%d9%86%d8%aa%db%8c-4/", "site": "app.hamrahtel.com"}, "\u0644\u067e \u062a\u0627\u067e \u0627\u06cc\u0633\u0648\u0633 \u0645\u062f\u0644 ( ASUS R1605ZA-MB119 (i7 1255 8GB 512GB SSD Iris Xe 16\" WUXGA WV  \u0628\u0627 \u06af\u0627\u0631\u0627\u0646\u062a\u06cc 24 \u0645\u0627\u0647\u0647 \u0634\u0631\u06a9\u062a\u06cc": {"price": "33088800", "id": 16018, "permalink": "https://alidombe.com/product/%d9%84%d9%be-%d8%aa%d8%a7%d9%be-%d8%a7%db%8c%d8%b3%d9%88%d8%b3-%d9%85%d8%af%d9%84-asus-r1605za-mb119-i7-1255-8gb-512gb-ssd-iris-xe-16-wuxga-wv-%d8%a8%d8%a7-%da%af%d8%a7%d8%b1%d8%a7%d9%86%d8%aa-4/", "site": "app.hamrahtel.com"}, "\u0644\u067e \u0627\u067e \u0627\u06cc\u0633\u0631 \u0645\u062f\u0644  (ACER ASPIRE 5 A515-57G-51RC (i5 1240P-8GB -512GB SSD-4GB RTX2050 4G \u0628\u0627 \u06af\u0627\u0631\u0627\u0646\u062a\u06cc 18 \u0645\u0627\u0647\u0647 \u0634\u0631\u06a9\u062a\u06cc ": {"price": "34578000", "id": 16019, "permalink": "https://alidombe.com/product/%d9%84%d9%be-%d8%a7%d9%be-%d8%a7%db%8c%d8%b3%d8%b1-%d9%85%d8%af%d9%84-acer-aspire-5-a515-57g-51rc-i5-1240p-8gb-512gb-ssd-4gb-rtx2050-4g-%d8%a8%d8%a7-%da%af%d8%a7%d8%b1%d8%a7%d9%86%d8%aa%db%8c-18-4/", "site": "app.hamrahtel.com"}, "\u0644\u067e \u062a\u0627\u067e \u0627\u06cc\u0633\u0631 \u0645\u062f\u0644(LAPTOP ACER A315 (I5-1135G7-1TB HDD-8GB DDR4-2GBMX350-15.6FHD \u0628\u0627 \u06af\u0627\u0631\u0627\u0646\u062a\u06cc 18 \u0645\u0627\u0647\u0647 \u0634\u0631\u06a9\u062a\u06cc": {"price": "43858980", "id": 16020, "permalink": "https://alidombe.com/product/%d9%84%d9%be-%d8%aa%d8%a7%d9%be-%d8%a7%db%8c%d8%b3%d8%b1-%d9%85%d8%af%d9%84laptop-acer-a315-i5-1135g7-1tb-hdd-8gb-ddr4-2gbmx350-15-6fhd-%d8%a8%d8%a7-%da%af%d8%a7%d8%b1%d8%a7%d9%86%d8%aa%db%8c-18-4/", "site": "app.hamrahtel.com"}, "LAPTOP ASUS VIVOBOOK PRO K6500ZH": {"price": "45082980", "id": 16021, "permalink": "https://alidombe.com/product/laptop-asus-vivobook-pro-k6500zh-4/", "site": "app.hamrahtel.com"}, "LAPTOP ASUS ROG STRIX G17 G713RW-KH109": {"price": "97102980", "id": 16022, "permalink": "https://alidombe.com/product/laptop-asus-rog-strix-g17-g713rw-kh109-4/", "site": "app.hamrahtel.com"}, "LAPTOP ASUS PROART STUDIOBOOK 16 H7600ZM": {"price": "102918000", "id": 16023, "permalink": "https://alidombe.com/product/laptop-asus-proart-studiobook-16-h7600zm-4/", "site": "app.hamrahtel.com"}, "ASUS ROG STRIX SCAR G533ZM": {"price": "110149800", "id": 16024, "permalink": "https://alidombe.com/product/asus-rog-strix-scar-g533zm-4/", "site": "app.hamrahtel.com"}}