{
    "\u0627\u0633\u067e\u06cc\u06a9\u0631 \u0628\u0644\u0648\u062a\u0648\u062b\u06cc \u0634\u06cc\u0627\u0626\u0648\u0645\u06cc \u0645\u062f\u0644 ( Mi Compact 2 ( MDZ-28-DI": {
        "price": "393750",
        "id": 15989,
        "permalink": "https://alidombe.com/product/%d8%a7%d8%b3%d9%be%db%8c%da%a9%d8%b1-%d8%a8%d9%84%d9%88%d8%aa%d9%88%d8%ab%db%8c-%d8%b4%db%8c%d8%a7%d8%a6%d9%88%d9%85%db%8c-%d9%85%d8%af%d9%84-mi-compact-2-mdz-28-di-6/",
        "site": "app.hamrahtel.com"
    },
    "\u0627\u0633\u067e\u06cc\u06a9\u0631 \u062f\u0633\u06a9\u062a\u0627\u067e \u06a9\u0631\u06cc\u062a\u06cc\u0648 \u0645\u062f\u0644 Creative Pebble Plus \u0628\u0627 \u06af\u0627\u0631\u0627\u0646\u062a\u06cc 18 \u0645\u0627\u0647\u0647 \u0634\u0631\u06a9\u062a\u06cc ": {
        "price": "1233750",
        "id": 15990,
        "permalink": "https://alidombe.com/product/%d8%a7%d8%b3%d9%be%db%8c%da%a9%d8%b1-%d8%af%d8%b3%da%a9%d8%aa%d8%a7%d9%be-%da%a9%d8%b1%db%8c%d8%aa%db%8c%d9%88-%d9%85%d8%af%d9%84-creative-pebble-plus-%d8%a8%d8%a7-%da%af%d8%a7%d8%b1%d8%a7%d9%86-4/",
        "site": "app.hamrahtel.com"
    },
    "\u0627\u0633\u067e\u06cc\u06a9\u0631 \u0628\u0644\u0648\u062a\u0648\u062b \u0647\u0627\u0631\u0645\u0646 \u06a9\u0627\u0631\u062f\u0646 Aura Studio 3": {
        "price": "10690370",
        "id": 15991,
        "permalink": "https://alidombe.com/product/%d8%a7%d8%b3%d9%be%db%8c%da%a9%d8%b1-%d8%a8%d9%84%d9%88%d8%aa%d9%88%d8%ab-%d9%87%d8%a7%d8%b1%d9%85%d9%86-%da%a9%d8%a7%d8%b1%d8%af%d9%86-aura-studio-3-4/",
        "site": "app.hamrahtel.com"
    },
    "\u0627\u0633\u067e\u06cc\u06a9\u0631 \u0628\u0644\u0648\u062a\u0648\u062b \u062c\u06cc \u0628\u06cc \u0627\u0644 Partybox 110": {
        "price": "15027700",
        "id": 15992,
        "permalink": "https://alidombe.com/product/%d8%a7%d8%b3%d9%be%db%8c%da%a9%d8%b1-%d8%a8%d9%84%d9%88%d8%aa%d9%88%d8%ab-%d8%ac%db%8c-%d8%a8%db%8c-%d8%a7%d9%84-partybox-110-4/",
        "site": "app.hamrahtel.com"
    },
    "\u0627\u0633\u067e\u06cc\u06a9\u0631 \u0628\u0644\u0648\u062a\u0648\u062b \u062c\u06cc \u0628\u06cc \u0627\u0644 Partybox 310": {
        "price": "22020780",
        "id": 15993,
        "permalink": "https://alidombe.com/product/%d8%a7%d8%b3%d9%be%db%8c%da%a9%d8%b1-%d8%a8%d9%84%d9%88%d8%aa%d9%88%d8%ab-%d8%ac%db%8c-%d8%a8%db%8c-%d8%a7%d9%84-partybox-310-4/",
        "site": "app.hamrahtel.com"
    },
    "\u0627\u0633\u067e\u06cc\u06a9\u0631 \u0628\u0644\u0648\u062a\u0648\u062b \u062c\u06cc \u0628\u06cc \u0627\u0644 JBL! Partybox 710": {
        "price": "33097980",
        "id": 15994,
        "permalink": "https://alidombe.com/product/%d8%a7%d8%b3%d9%be%db%8c%da%a9%d8%b1-%d8%a8%d9%84%d9%88%d8%aa%d9%88%d8%ab-%d8%ac%db%8c-%d8%a8%db%8c-%d8%a7%d9%84-jbl-partybox-710-4/",
        "site": "app.hamrahtel.com"
    }
}