{
    "Galaxy A54 5G 128GB RAM 8GB Vietnam": {
        "price": "14418970",
        "id": 16025,
        "permalink": "https://alidombe.com/product/galaxy-a54-5g-128gb-ram-8gb-vietnam-2/",
        "site": "app.hamrahtel.com"
    },
    "POCO F5 5G 256GB RAM 8GB": {
        "price": "14933970",
        "id": 16026,
        "permalink": "https://alidombe.com/product/poco-f5-5g-256gb-ram-8gb-2/",
        "site": "app.hamrahtel.com"
    },
    "Galaxy A54 5G 256GB RAM 8GB": {
        "price": "15098770",
        "id": 16027,
        "permalink": "https://alidombe.com/product/galaxy-a54-5g-256gb-ram-8gb-4/",
        "site": "app.hamrahtel.com"
    },
    "Redmi Note 12 Pro 256GB RAM 12GB CN": {
        "price": "15654970",
        "id": 16028,
        "permalink": "https://alidombe.com/product/redmi-note-12-pro-256gb-ram-12gb-cn-4/",
        "site": "app.hamrahtel.com"
    },
    "Redmi Note 12 Pro Plus 5G 256GB RAM 8GB": {
        "price": "15722950",
        "id": 16029,
        "permalink": "https://alidombe.com/product/redmi-note-12-pro-plus-5g-256gb-ram-8gb-4/",
        "site": "app.hamrahtel.com"
    },
    " Galaxy A54 5G 256GB RAM 8GB Vietnam": {
        "price": "15871270",
        "id": 16030,
        "permalink": "https://alidombe.com/product/galaxy-a54-5g-256gb-ram-8gb-vietnam-4/",
        "site": "app.hamrahtel.com"
    },
    "POCO F5 5G 256GB RAM 12GB": {
        "price": "16629350",
        "id": 16031,
        "permalink": "https://alidombe.com/product/poco-f5-5g-256gb-ram-12gb-4/",
        "site": "app.hamrahtel.com"
    },
    "Galaxy S21 FE 5G 256GB RAM 8GB": {
        "price": "17797370",
        "id": 16032,
        "permalink": "https://alidombe.com/product/galaxy-s21-fe-5g-256gb-ram-8gb-4/",
        "site": "app.hamrahtel.com"
    },
    "Galaxy S21 FE 5G 256GB RAM 8GB Vietnam": {
        "price": "19847070",
        "id": 16033,
        "permalink": "https://alidombe.com/product/galaxy-s21-fe-5g-256gb-ram-8gb-vietnam-4/",
        "site": "app.hamrahtel.com"
    },
    "Xiaomi 12 5G 256GB RAM 8GB": {
        "price": "19980970",
        "id": 16034,
        "permalink": "https://alidombe.com/product/xiaomi-12-5g-256gb-ram-8gb-4/",
        "site": "app.hamrahtel.com"
    },
    " Xiaomi 11 5G 256GB RAM 12GB  CN": {
        "price": "19980970",
        "id": 16035,
        "permalink": "https://alidombe.com/product/xiaomi-11-5g-256gb-ram-12gb-cn-4/",
        "site": "app.hamrahtel.com"
    },
    "Huawei nova 10 5G 256GB RAM 8GB": {
        "price": "21724980",
        "id": 16036,
        "permalink": "https://alidombe.com/product/huawei-nova-10-5g-256gb-ram-8gb-4/",
        "site": "app.hamrahtel.com"
    },
    "POCO F5 Pro 5G 512GB RAM 12GB": {
        "price": "23842500",
        "id": 16037,
        "permalink": "https://alidombe.com/product/poco-f5-pro-5g-512gb-ram-12gb-4/",
        "site": "app.hamrahtel.com"
    },
    "Huawei nova 10 PRO 5G 256GB RAM 8GB": {
        "price": "25804980",
        "id": 16038,
        "permalink": "https://alidombe.com/product/huawei-nova-10-pro-5g-256gb-ram-8gb-4/",
        "site": "app.hamrahtel.com"
    },
    "iPhone 11 128GB ZP/A Non active \u062a\u06a9 \u0633\u06cc\u0645": {
        "price": "29374980",
        "id": 16039,
        "permalink": "https://alidombe.com/product/iphone-11-128gb-zp-a-non-active-%d8%aa%da%a9-%d8%b3%db%8c%d9%85-4/",
        "site": "app.hamrahtel.com"
    },
    "Xiaomi 12 pro 5G 256GB RAM 12GB": {
        "price": "30802980",
        "id": 16040,
        "permalink": "https://alidombe.com/product/xiaomi-12-pro-5g-256gb-ram-12gb-4/",
        "site": "app.hamrahtel.com"
    },
    "iPhone 13 256GB CH/A Non Active (\u0622\u0631\u06a9\u0627 \u062a\u062c\u0627\u0631\u062a \u0628\u06cc\u0633\u062a\u0648\u0646)": {
        "price": "42838980",
        "id": 16041,
        "permalink": "https://alidombe.com/product/iphone-13-256gb-ch-a-non-active-%d8%a2%d8%b1%da%a9%d8%a7-%d8%aa%d8%ac%d8%a7%d8%b1%d8%aa-%d8%a8%db%8c%d8%b3%d8%aa%d9%88%d9%86-4/",
        "site": "app.hamrahtel.com"
    },
    "iPhone 13 256GB CH non Active": {
        "price": "42379980",
        "id": 16042,
        "permalink": "https://alidombe.com/product/iphone-13-256gb-ch-non-active-4/",
        "site": "app.hamrahtel.com"
    },
    "Galaxy S23 Ultra 5G 256GB RAM 12GB Vietnam": {
        "price": "48907980",
        "id": 16043,
        "permalink": "https://alidombe.com/product/galaxy-s23-ultra-5g-256gb-ram-12gb-vietnam-4/",
        "site": "app.hamrahtel.com"
    },
    " Galaxy Z Flip5 5G  256GB RAM 8GB Vitenam ": {
        "price": "50478780",
        "id": 16044,
        "permalink": "https://alidombe.com/product/galaxy-z-flip5-5g-256gb-ram-8gb-vitenam-4/",
        "site": "app.hamrahtel.com"
    },
    " Galaxy Z Flip5 5G 512GB RAM 8GB Vitenam ": {
        "price": "55578780",
        "id": 16045,
        "permalink": "https://alidombe.com/product/galaxy-z-flip5-5g-512gb-ram-8gb-vitenam-4/",
        "site": "app.hamrahtel.com"
    },
    "Galaxy Z Fold3 5G 512GB RAM 12GB Vietnam": {
        "price": "60179898",
        "id": 16046,
        "permalink": "https://alidombe.com/product/galaxy-z-fold3-5g-512gb-ram-12gb-vietnam-4/",
        "site": "app.hamrahtel.com"
    },
    "Xiaomi 13 Ultra 5G 512GB RAM 16GB CN": {
        "price": "62218980",
        "id": 16047,
        "permalink": "https://alidombe.com/product/xiaomi-13-ultra-5g-512gb-ram-16gb-cn-4/",
        "site": "app.hamrahtel.com"
    },
    "Xiaomi 13 Ultra 5G 1TB RAM 16GB CN": {
        "price": "69358980",
        "id": 16048,
        "permalink": "https://alidombe.com/product/xiaomi-13-ultra-5g-1tb-ram-16gb-cn-4/",
        "site": "app.hamrahtel.com"
    },
    "iPhone 13 Pro 256GB CH/A Non Active (\u067e\u06a9 \u0627\u0635\u0644\u06cc \u0648 \u062f\u0648\u0633\u06cc\u0645 \u06a9\u0627\u0631\u062a)": {
        "price": "73030980",
        "id": 16049,
        "permalink": "https://alidombe.com/product/iphone-13-pro-256gb-ch-a-non-active-%d9%be%da%a9-%d8%a7%d8%b5%d9%84%db%8c-%d9%88-%d8%af%d9%88%d8%b3%db%8c%d9%85-%da%a9%d8%a7%d8%b1%d8%aa-4/",
        "site": "app.hamrahtel.com"
    },
    "iPhone 13 Pro 256GB CH/A Non Active (\u0622\u0631\u06a9\u0627 \u062a\u062c\u0627\u0631\u062a \u0628\u06cc\u0633\u062a\u0648\u0646)": {
        "price": "73438980",
        "id": 16050,
        "permalink": "https://alidombe.com/product/iphone-13-pro-256gb-ch-a-non-active-%d8%a2%d8%b1%da%a9%d8%a7-%d8%aa%d8%ac%d8%a7%d8%b1%d8%aa-%d8%a8%db%8c%d8%b3%d8%aa%d9%88%d9%86-4/",
        "site": "app.hamrahtel.com"
    },
    "iPhone 13 Pro Max 512GB CH/A Non Active (\u0622\u0631\u06a9\u0627 \u062a\u062c\u0627\u0631\u062a \u0628\u06cc\u0633\u062a\u0648\u0646)": {
        "price": "80578980",
        "id": 16051,
        "permalink": "https://alidombe.com/product/iphone-13-pro-max-512gb-ch-a-non-active-%d8%a2%d8%b1%da%a9%d8%a7-%d8%aa%d8%ac%d8%a7%d8%b1%d8%aa-%d8%a8%db%8c%d8%b3%d8%aa%d9%88%d9%86-4/",
        "site": "app.hamrahtel.com"
    },
    "Galaxy Z Fold5 5G 256GB RAM 12GB Vietnam": {
        "price": "85678980",
        "id": 16052,
        "permalink": "https://alidombe.com/product/galaxy-z-fold5-5g-256gb-ram-12gb-vietnam-4/",
        "site": "app.hamrahtel.com"
    },
    "Galaxy Z Fold5 5G 512GB RAM 12GB Vietnam": {
        "price": "90268980",
        "id": 16053,
        "permalink": "https://alidombe.com/product/galaxy-z-fold5-5g-512gb-ram-12gb-vietnam-3/",
        "site": "app.hamrahtel.com"
    },
    "GLX Classic 105": {
        "price": "545999",
        "id": 16054,
        "permalink": "https://alidombe.com/product/glx-classic-105-2/",
        "site": "app.hamrahtel.com"
    },
    "GLX Classic 106": {
        "price": "557550",
        "id": 16055,
        "permalink": "https://alidombe.com/product/glx-classic-106-2/",
        "site": "app.hamrahtel.com"
    },
    "GLX Classic 110": {
        "price": "658350",
        "id": 16056,
        "permalink": "https://alidombe.com/product/glx-classic-110-2/",
        "site": "app.hamrahtel.com"
    },
    "GLX Classic 125": {
        "price": "689850",
        "id": 16057,
        "permalink": "https://alidombe.com/product/glx-classic-125-2/",
        "site": "app.hamrahtel.com"
    },
    "(\u0645\u0648\u0646\u062a\u0627\u0698 \u0627\u06cc\u0631\u0627\u0646) NOKIA 106 FA+\u0628\u06cc\u0645\u0647": {
        "price": "745395",
        "id": 16058,
        "permalink": "https://alidombe.com/product/%d9%85%d9%88%d9%86%d8%aa%d8%a7%da%98-%d8%a7%db%8c%d8%b1%d8%a7%d9%86-nokia-106-fa%d8%a8%db%8c%d9%85%d9%87-2/",
        "site": "app.hamrahtel.com"
    },
    "DOX V435": {
        "price": "763350",
        "id": 16059,
        "permalink": "https://alidombe.com/product/dox-v435-2/",
        "site": "app.hamrahtel.com"
    },
    "NOKIA 106 FA 2023": {
        "price": "810600",
        "id": 16060,
        "permalink": "https://alidombe.com/product/nokia-106-fa-2023-2/",
        "site": "app.hamrahtel.com"
    },
    "GLX Classic 150": {
        "price": "826350",
        "id": 16061,
        "permalink": "https://alidombe.com/product/glx-classic-150-2/",
        "site": "app.hamrahtel.com"
    },
    "Samsung SM-B315E": {
        "price": "1049999",
        "id": 16062,
        "permalink": "https://alidombe.com/product/samsung-sm-b315e-2/",
        "site": "app.hamrahtel.com"
    },
    "Nokia 130 FA ": {
        "price": "1143450",
        "id": 16063,
        "permalink": "https://alidombe.com/product/nokia-130-fa-2/",
        "site": "app.hamrahtel.com"
    },
    "Nokia 8210 4G Fa": {
        "price": "2231250",
        "id": 16064,
        "permalink": "https://alidombe.com/product/nokia-8210-4g-fa-2/",
        "site": "app.hamrahtel.com"
    },
    "Nokia 5710 Xpress Audio Fa": {
        "price": "2896950",
        "id": 16065,
        "permalink": "https://alidombe.com/product/nokia-5710-xpress-audio-fa-2/",
        "site": "app.hamrahtel.com"
    },
    "Spark GO 64GB RAM 4GB ": {
        "price": "3673950",
        "id": 16066,
        "permalink": "https://alidombe.com/product/spark-go-64gb-ram-4gb-2/",
        "site": "app.hamrahtel.com"
    },
    "Poco C40 32GB RAM 3GB": {
        "price": "3816750",
        "id": 16067,
        "permalink": "https://alidombe.com/product/poco-c40-32gb-ram-3gb-2/",
        "site": "app.hamrahtel.com"
    },
    "Redmi A2+ 64GB RAM 3GB ": {
        "price": "3827250",
        "id": 16068,
        "permalink": "https://alidombe.com/product/redmi-a2-64gb-ram-3gb-2/",
        "site": "app.hamrahtel.com"
    },
    "Poco C40 64GB RAM 4GB": {
        "price": "4163250",
        "id": 16069,
        "permalink": "https://alidombe.com/product/poco-c40-64gb-ram-4gb-2/",
        "site": "app.hamrahtel.com"
    },
    "Nokia G10 64GB RAM 4GB": {
        "price": "4251450",
        "id": 16070,
        "permalink": "https://alidombe.com/product/nokia-g10-64gb-ram-4gb-2/",
        "site": "app.hamrahtel.com"
    },
    "NOKIA C31 128GB RAM 4GB": {
        "price": "4723950",
        "id": 16071,
        "permalink": "https://alidombe.com/product/nokia-c31-128gb-ram-4gb-2/",
        "site": "app.hamrahtel.com"
    },
    "Honor X6 64GB RAM 4GB": {
        "price": "5154450",
        "id": 16072,
        "permalink": "https://alidombe.com/product/honor-x6-64gb-ram-4gb-2/",
        "site": "app.hamrahtel.com"
    },
    "A14 64GB RAM 4GB Vietname +\u0628\u06cc\u0645\u0647": {
        "price": "5562960",
        "id": 16073,
        "permalink": "https://alidombe.com/product/a14-64gb-ram-4gb-vietname-%d8%a8%db%8c%d9%85%d9%87-2/",
        "site": "app.hamrahtel.com"
    },
    "A14 64GB RAM 4GB Vietnam": {
        "price": "5604560",
        "id": 16074,
        "permalink": "https://alidombe.com/product/a14-64gb-ram-4gb-vietnam-2/",
        "site": "app.hamrahtel.com"
    },
    "TCL 40R 5G 128GB RAM 4GB + \u0628\u06cc\u0645\u0647 (\u06a9\u0627\u0648\u0631+\u06af\u0644\u0633) ": {
        "price": "5777200",
        "id": 16075,
        "permalink": "https://alidombe.com/product/tcl-40r-5g-128gb-ram-4gb-%d8%a8%db%8c%d9%85%d9%87-%da%a9%d8%a7%d9%88%d8%b1%da%af%d9%84%d8%b3-2/",
        "site": "app.hamrahtel.com"
    },
    "HONOR X7a  128GB RAM 4GB": {
        "price": "5850000",
        "id": 16076,
        "permalink": "https://alidombe.com/product/honor-x7a-128gb-ram-4gb-2/",
        "site": "app.hamrahtel.com"
    },
    "Nokia G21 128GB RAM 6GB": {
        "price": "6155760",
        "id": 16077,
        "permalink": "https://alidombe.com/product/nokia-g21-128gb-ram-6gb-2/",
        "site": "app.hamrahtel.com"
    },
    "Galaxy A14 128GB RAM 4GB Vietnam": {
        "price": "6571760",
        "id": 16078,
        "permalink": "https://alidombe.com/product/galaxy-a14-128gb-ram-4gb-vietnam-2/",
        "site": "app.hamrahtel.com"
    },
    "Galaxy F13 128GB RAM 4GB ": {
        "price": "6654960",
        "id": 16079,
        "permalink": "https://alidombe.com/product/galaxy-f13-128gb-ram-4gb-2/",
        "site": "app.hamrahtel.com"
    },
    "Spark 10 Pro 128GB RAM 8GB": {
        "price": "6862960",
        "id": 16080,
        "permalink": "https://alidombe.com/product/spark-10-pro-128gb-ram-8gb-2/",
        "site": "app.hamrahtel.com"
    },
    "Galaxy M13 128GB RAM 6GB": {
        "price": "7143760",
        "id": 16081,
        "permalink": "https://alidombe.com/product/galaxy-m13-128gb-ram-6gb-2/",
        "site": "app.hamrahtel.com"
    },
    "Galaxy A14 128GB RAM 6GB Vietnam": {
        "price": "7767760",
        "id": 16082,
        "permalink": "https://alidombe.com/product/galaxy-a14-128gb-ram-6gb-vietnam-2/",
        "site": "app.hamrahtel.com"
    },
    " Redmi Note 12 128GB RAM 8GB": {
        "price": "8088080",
        "id": 16083,
        "permalink": "https://alidombe.com/product/redmi-note-12-128gb-ram-8gb-2/",
        "site": "app.hamrahtel.com"
    },
    "POCO M5s 256GB RAM 8GB": {
        "price": "8678800",
        "id": 16084,
        "permalink": "https://alidombe.com/product/poco-m5s-256gb-ram-8gb-2/",
        "site": "app.hamrahtel.com"
    },
    "Redmi Note 12 256GB RAM 8GB": {
        "price": "8689200",
        "id": 16085,
        "permalink": "https://alidombe.com/product/redmi-note-12-256gb-ram-8gb-2/",
        "site": "app.hamrahtel.com"
    },
    "Redmi Note 12S 256GB RAM 8GB": {
        "price": "8928400",
        "id": 16086,
        "permalink": "https://alidombe.com/product/redmi-note-12s-256gb-ram-8gb-2/",
        "site": "app.hamrahtel.com"
    },
    "Camon 20 Pro 256GB RAM 8GB ": {
        "price": "8994960",
        "id": 16087,
        "permalink": "https://alidombe.com/product/camon-20-pro-256gb-ram-8gb-2/",
        "site": "app.hamrahtel.com"
    },
    "Galaxy A24 128GB RAM 6GB Vietnam": {
        "price": "9733360",
        "id": 16088,
        "permalink": "https://alidombe.com/product/galaxy-a24-128gb-ram-6gb-vietnam-2/",
        "site": "app.hamrahtel.com"
    },
    "Redmi Note 12 Pro 256GB RAM 8GB": {
        "price": "9982960",
        "id": 16089,
        "permalink": "https://alidombe.com/product/redmi-note-12-pro-256gb-ram-8gb-2/",
        "site": "app.hamrahtel.com"
    },
    "Poco X4 Pro 5G 128GB RAM 6GB": {
        "price": "10398960",
        "id": 16090,
        "permalink": "https://alidombe.com/product/poco-x4-pro-5g-128gb-ram-6gb/",
        "site": "app.hamrahtel.com"
    },
    "Redmi Note 12 5G 256GB RAM 8GB": {
        "price": "10504970",
        "id": 16091,
        "permalink": "https://alidombe.com/product/redmi-note-12-5g-256gb-ram-8gb-2/",
        "site": "app.hamrahtel.com"
    },
    "POCO X5 5G 256GB RAM 8GB": {
        "price": "10484370",
        "id": 16092,
        "permalink": "https://alidombe.com/product/poco-x5-5g-256gb-ram-8gb-2/",
        "site": "app.hamrahtel.com"
    },
    "DARIA BOND 5G 256GB RAM 8GB": {
        "price": "11431970",
        "id": 16093,
        "permalink": "https://alidombe.com/product/daria-bond-5g-256gb-ram-8gb-2/",
        "site": "app.hamrahtel.com"
    },
    "Poco X4 Pro 5G 256GB RAM 8GB": {
        "price": "11843970",
        "id": 16094,
        "permalink": "https://alidombe.com/product/poco-x4-pro-5g-256gb-ram-8gb/",
        "site": "app.hamrahtel.com"
    },
    "11Lite 5G NE 128GB RAM 8GB": {
        "price": "11946970",
        "id": 16095,
        "permalink": "https://alidombe.com/product/11lite-5g-ne-128gb-ram-8gb-2/",
        "site": "app.hamrahtel.com"
    },
    "Galaxy A34 5G 128GB RAM 8GB": {
        "price": "12111770",
        "id": 16096,
        "permalink": "https://alidombe.com/product/galaxy-a34-5g-128gb-ram-8gb-2/",
        "site": "app.hamrahtel.com"
    },
    "Redmi Note 11 Pro Plus 5G 128GB RAM 8GB": {
        "price": "12152970",
        "id": 16097,
        "permalink": "https://alidombe.com/product/redmi-note-11-pro-plus-5g-128gb-ram-8gb/",
        "site": "app.hamrahtel.com"
    },
    " Redmi Note 12 Pro 5G 256GB RAM 8GB": {
        "price": "12204470",
        "id": 16098,
        "permalink": "https://alidombe.com/product/redmi-note-12-pro-5g-256gb-ram-8gb-2/",
        "site": "app.hamrahtel.com"
    },
    "Galaxy A34 5G 128GB RAM 8GB Vietnam": {
        "price": "12698870",
        "id": 16099,
        "permalink": "https://alidombe.com/product/galaxy-a34-5g-128gb-ram-8gb-vietnam-2/",
        "site": "app.hamrahtel.com"
    },
    "POCO X5 Pro 5G 256GB RAM 8GB": {
        "price": "13333350",
        "id": 16100,
        "permalink": "https://alidombe.com/product/poco-x5-pro-5g-256gb-ram-8gb-2/",
        "site": "app.hamrahtel.com"
    },
    "Galaxy M53 5G 128GB RAM 8GB": {
        "price": "13285970",
        "id": 16101,
        "permalink": "https://alidombe.com/product/galaxy-m53-5g-128gb-ram-8gb-2/",
        "site": "app.hamrahtel.com"
    },
    "HONOR X9a 5G 256GB RAM 8GB": {
        "price": "13543470",
        "id": 16102,
        "permalink": "https://alidombe.com/product/honor-x9a-5g-256gb-ram-8gb-2/",
        "site": "app.hamrahtel.com"
    },
    "Galaxy A54 5G 128GB RAM 8GB": {
        "price": "14315970",
        "id": 16103,
        "permalink": "https://alidombe.com/product/galaxy-a54-5g-128gb-ram-8gb-2/",
        "site": "app.hamrahtel.com"
    }
}